guid,det-files,det-viruses,web-tot,web-bad,web-ratio,meow,rank(det-files),rank(det-viruses),rank(web-tot),rank(web-bad),rank(web-ratio)
1df1b17a-dc70-4ae3-b821-93bec8e7a1f7,109,4,135,0,0,,891,528,985,517,517
e0a9437a-7791-407d-adc4-ce4e8ffe6908,161,4,11486,30,0.002611875,,436,528,76,103,201
de4f7f78-283a-476a-bf99-cc601064dff0,101,1,635,0,0,,1007,859,852,517,517
4e5ee8c8-d8b4-4b8c-b1d5-9e79e6ddafad,150,1,332,0,0,,483,859,920,517,517
dc0cf561-3cc0-4aae-a76b-ca614c0f77b3,146,1,2042,0,0,,515,859,603,517,517
00a8c552-10a5-4e3c-9282-0bd748716f0a,133,17,6517,50,0.007672242,,607,176,187,75,120
9a20849a-e283-45e9-b1dc-12d0f9177a81,242,1,87,0,0,,242,859,998,517,517
631415c1-0498-411e-bf5b-1d6a47aa4363,378,2,2234,20,0.008952551,,126,720,575,127,108
c38cc10e-b0ee-42bc-9e43-d866ab906c2a,118,74,77093,9,0.000116742,,757,30,8,179,497
808f2bfc-18d0-459f-89bc-10d4b6d9b513,246,3,5026,0,0,,237,620,264,517,517
9e6140a8-8d9d-47b0-91fa-4f23b6fa4a2b,101,71,1573,0,0,,1007,33,681,517,517
09407bbc-e41d-4433-bf71-7ec26cd592b2,116,6,414,1,0.002415459,,786,407,901,386,206
e4797259-ab13-42c8-bcb7-b95777a27f8a,114,4,3110,0,0,,811,528,435,517,517
b62cbc60-23b3-4b25-a028-1b62199bf095,489,1,4860,0,0,,103,859,277,517,517
59ec2739-faa8-45a0-a2b6-6ddf4f35a999,3144,3,1993,54,0.027094832,,21,620,611,68,43
dd1eb0fc-d74b-4ce1-a341-faf87b978b2c,106,7,1117,10,0.008952551,,945,364,764,172,108
8daac95d-cc29-4a41-8361-1b1f8d6f13ca,146,3,5713,0,0,,515,620,228,517,517
2949aa6c-3ab3-449e-bdcb-b02482b6d8f9,715,1,1571,0,0,,73,859,682,517,517
718cc3e8-bf9f-4568-bd9b-4f1fc3530cd8,326,49,1947,0,0,,159,57,618,517,517
2d7d6d0c-602c-4a6e-a577-1da2d11ecf2f,283,105,2226,4,0.001796945,,189,15,576,253,233
f9e0033a-bc4f-41b7-86bb-c35a27d85dc9,112,1,192,0,0,,849,859,965,517,517
d01a565f-ce03-4790-83a0-e1903a47f2a9,151,23,5012,0,0,,477,134,267,517,517
d94d1478-ca5c-41ba-a16f-2ebb80977fd8,130,15,970,0,0,,631,198,790,517,517
af298052-8fd6-4bdb-9de5-63a90e14a99a,147,5,3890,1,0.000257069,,505,460,342,386,453
d5ab0286-b2ac-4be5-81ec-190c2f14963b,110,1,3367,0,0,,872,859,400,517,517
576fa827-4bcd-424a-8986-7e1da2aac12b,100,2,671,1,0.001490313,,1025,720,840,386,254
0caf228a-fe6e-4ff6-8796-f43e726a0f11,197,2,2714,0,0,,325,720,493,517,517
ce98e974-d34a-49ce-97d0-963a3475855a,188,2,2138,0,0,,350,720,586,517,517
c1140a79-a083-4106-81e6-d00a36da8766,176,16,3016,3,0.000994695,,390,185,449,280,296
6b53ef53-5465-4d4c-8ac7-7cdd7f3f3afe,103,6,2786,91,0.032663317,,983,407,480,48,32
a9408673-10fd-4963-81e8-7108df2013df,143,3,1350,0,0,,534,620,712,517,517
23d54685-08c0-41d1-89ab-d47fd9157db9,190,5,3465,0,0,,345,460,385,517,517
8e8fcf34-ad5b-4b59-81d1-5ee2c86b3b08,261,30,1917,0,0,,215,98,624,517,517
de7f6d8a-3ec7-46aa-9ed3-19a8f166313b,147,8,9373,8,0.000853515,,505,328,107,191,317
0df76faf-6be4-4472-9c73-9688743692b6,123,76,883,1,0.001132503,,700,28,807,386,282
7f79ab94-97e1-43eb-bcfe-db20e5011af1,122,15,1813,4,0.002206288,,712,198,640,253,216
934dd565-e6d1-4f51-a3dc-5b2f829d1b14,173,23,7331,1,0.000136407,,399,134,161,386,488
c5628c14-36e6-4cb6-a144-902848deb4b2,111,1,600,1,0.001666667,,862,859,859,386,244
96059873-6933-4624-a2f8-1581a9f9a25c,246498,2234,2,0,0,,1,1,1033,517,517
deba79e4-b518-424c-b898-22acd53eb3a3,101,6,3542,6,0.001693958,,1007,407,373,211,243
74486611-1c1a-4313-bd8b-8f2cbdacb7ba,116,1,835,0,0,,786,859,815,517,517
ddbfaf16-82e6-48ad-bd31-447149c35077,490,3,1757,1,0.000569152,,102,620,648,386,367
fcce67f6-a2d9-4f1e-81dd-3a3f3491fccf,139,4,6387,0,0,,558,528,195,517,517
3afdaf00-e1db-4412-b14e-b19341b3fee5,223,1,3117,0,0,,272,859,433,517,517
8e17d53f-6d3e-43e2-a035-a00104f3fb20,231,8,21,0,0,,259,328,1024,517,517
177ca38f-146d-4a09-8218-cf42e8567487,156,3,59,0,0,,455,620,1007,517,517
e9f98a4e-7e2c-4663-9140-ccfd9c8c61ef,105,1,329,0,0,,955,859,922,517,517
947ede55-ec2a-451f-9dbf-c84e4acf08df,110,7,216,0,0,,872,364,955,517,517
19eee487-5a25-4dab-937c-c8c207115648,566,2,5104,0,0,,84,720,257,517,517
e4cbaf4f-1b9b-4ad4-b7b1-e8e9b770877c,135,3,8258,0,0,,591,620,133,517,517
4bf3409c-167d-4682-af2d-bb2ba0e69b77,104,25,219,2,0.00913242,,965,126,953,314,106
dbced01b-47da-4c6e-8a22-cb6b3bc57a95,145,1,6331,0,0,,521,859,201,517,517
859152e5-4f25-443a-a57e-c5c92204e364,100,4,93,0,0,,1025,528,995,517,517
eca1b970-459f-45d0-b5ad-f54c3190b33e,186,10,4365,1,0.000229095,,356,278,304,386,462
f665d725-8640-424b-82a3-e143369d0ef1,171,38,4952,2,0.000403877,,406,76,271,314,404
dfa9b50b-6ac2-4e3a-8519-696d8a23064f,315,2,814,1,0.001228501,,167,720,818,386,274
a1e21a97-2200-4f79-be0e-3e919e3266da,140,1,3737,1,0.000267594,,550,859,350,386,450
1d05b93e-def4-4ea9-9e6d-b6ccb40697a5,118,1,5458,0,0,,757,859,237,517,517
13b04003-22f0-41fb-ac2f-b961523389cc,271,2,1299,30,0.023094688,,205,720,724,103,50
e299f765-5453-4aa8-b5a1-c78c4a65ff34,3460,5,968,1,0.001033058,,20,460,791,386,289
c336767f-b02f-4eb7-9855-d74cd34b8e1f,192,5,1186,18,0.015177066,,341,460,749,135,73
0a969e7e-7a31-4c15-8771-8b612fc7f198,246,1,2558,73,0.02853792,,237,859,514,56,37
07faa3b9-a5e9-4fe9-a918-4b008fff2b44,158,8,2035,4,0.001965602,,445,328,605,253,227
9f43c449-d1a1-49f0-a3f3-4107b4a853e8,627,5,4405,0,0,,80,460,300,517,517
9789faef-ace1-4044-a669-37400bc765e1,140,4,8637,0,0,,550,528,124,517,517
1191900d-79a0-4fa8-9394-25e97a874ab3,276,13,1780,0,0,,197,230,645,517,517
de2be7ba-3b4e-45b3-b269-e664f28787d1,115,3,834,0,0,,799,620,816,517,517
1a881d26-ee7f-49fe-829c-26449a07372e,218,3,2723,1,0.000367242,,280,620,490,386,417
3aaeba24-3d75-4e80-80c8-3795c78d12bc,109,4,14385,0,0,,891,528,52,517,517
ac88f057-1fad-401a-8a61-d87274fcbf01,118,29,1237,2,0.001616815,,757,101,735,314,248
a6e8a7e5-b393-4b8f-a5c0-16275d80d05e,133,7,4667,4,0.000857082,,607,364,285,253,316
1c1bb9d4-735f-4991-bde7-34d98d47dabb,124,25,1404,0,0,,690,126,706,517,517
988a1ca9-9038-4236-b175-968bdc634c05,342,7,983,0,0,,152,364,786,517,517
6289022b-e9e8-4fca-90d6-3cfec58cf11d,158,22,7071,1,0.000141423,,445,144,167,386,487
f71de49f-daec-4fe4-8f16-3c143d59c575,175,14,1401,9,0.006423983,,393,213,707,179,131
57acc793-34ed-4b0b-9f69-023aec8d16e7,6097,2,919,79,0.085963003,,14,720,800,52,12
47597cb7-7297-4ce3-a49a-aa632f685ec0,127,5,5019,4,0.000796972,,665,460,265,253,326
eb5550e1-acb9-4176-91cc-5f48338524e1,199,34,1150,52,0.045217391,,319,84,757,70,26
2a9626fe-45ec-4017-a6d9-473f02ff205e,123,1,64,0,0,,700,859,1006,517,517
956e7ae4-e8be-4f69-8c0a-ab3f61a9c5af,524,14,2863,0,0,,95,213,473,517,517
704aaee5-0aff-4daf-9eab-9fee06b19c7f,139,15,1599,2,0.001250782,,558,198,676,314,271
941b24bb-3640-4334-a433-7854f5eb98c6,1019,9,27,0,0,,52,306,1022,517,517
66a071b3-8e05-4b3b-9821-577fd982de39,306,1,1910,0,0,,176,859,625,517,517
9b9faa53-d23d-4307-ad1d-d2181195a1d1,275,4,10463,3,0.000286725,,199,528,93,280,442
37664219-9292-4c54-9eb1-5d0e3d9c34e3,152,4,3476,3,0.000863061,,472,528,384,280,312
3eedd137-5d98-4f0c-b1b1-813007a7a0f6,123,3,2317,0,0,,700,620,560,517,517
a03a3819-23bc-4a70-933c-179c26452988,100,26,959,0,0,,1025,116,795,517,517
afcf756c-a7cd-4080-9301-470c575e0714,121,1,1209,0,0,,718,859,741,517,517
cd22c3e8-ca30-447e-b0ce-4f8475831b04,106,2,2143,0,0,,945,720,585,517,517
f65ee56d-1def-4caa-b22c-9fd4d1e13549,130,10,534,2,0.003745318,,631,278,876,314,164
3f65a12c-65fd-464c-a2e0-4c882a6928b8,167,5,2621,1,0.000381534,,417,460,506,386,410
bcd0a6c2-883d-4b5b-bb9e-127dcfce4632,214,7,9675,64,0.006614987,,285,364,102,61,128
323a1ac9-5b8a-4c7a-bf81-b21d34a75779,124,36,7962,14,0.001758352,,690,80,145,150,237
54cbc64c-bd8b-49ca-8b97-bd438cf1a96d,138,3,9150,0,0,,563,620,114,517,517
8d79ec41-28e7-4a32-9a67-f517490dd4fa,135,3,369,0,0,,591,620,911,517,517
3605e3c6-9b18-4752-9044-ead13b9ca865,157,8,11000,0,0,,449,328,86,517,517
a9af7fb9-0846-4fd5-9a6c-f801e90cfca4,105,3,224,0,0,,955,620,950,517,517
83c0f930-db36-4852-9bed-9c73bc7a1687,183,6,3675,2,0.000544218,,365,407,357,314,369
a5fdb7f5-6c25-4ec7-9b60-1c7a9faea291,141,2,192,0,0,,544,720,965,517,517
fbdeb0ec-a18b-452b-831f-c869946e810a,105,1,330,0,0,,955,859,921,517,517
9818cd04-4a20-4f38-a25d-c85360b7853f,118,10,1323,0,0,,757,278,716,517,517
4a329a82-1faf-4a48-9b39-54645d79c788,484,1,2326,0,0,,104,859,557,517,517
c7a5775d-ecdc-438a-969a-e281807d38bd,512,5,795,0,0,,98,460,823,517,517
65bca7b0-fcdf-41af-83f1-653d7209285c,104,1,90,83,0.922222222,,965,859,996,51,1
549cf433-8fd7-4cdd-a91d-0be1cdfc6544,206,22,8258,62,0.007507871,,298,144,133,63,125
3d27e9a8-beac-463e-a8dc-c46eebf643f0,102,3,1868,0,0,,997,620,632,517,517
21fec838-4e62-4da0-bb94-151a1ac12845,118,2,2510,0,0,,757,720,527,517,517
f943f8dd-350a-4c8b-be21-bc4224a9f3fb,349,2,418,0,0,,144,720,899,517,517
d8c9c19c-2951-4d0d-a670-761c5c4522fe,190,10,3506,0,0,,345,278,376,517,517
0adf8b70-3e8e-4812-ade1-74fd91b287e2,125,5,3980,0,0,,685,460,334,517,517
73ba595b-61c6-456a-a062-faa5fda978a3,101,7,561,0,0,,1007,364,870,517,517
26c4c2c1-8a7a-4faa-afd2-426f771bac2f,107,1,8130,0,0,,924,859,137,517,517
49f7c9b3-d54f-45a6-9776-02c1a73db84e,136,10,785,0,0,,580,278,825,517,517
30a494fb-c27a-47f7-86df-bdabe1871d7e,114,1,9616,1,0.000103993,,811,859,104,386,503
67036447-94cf-4154-b265-102df2d65282,147,34,1097,2,0.001823154,,505,84,768,314,232
7aa3b08a-f00e-4bfb-b45c-b07f2c68dc2d,124,1,4844,0,0,,690,859,279,517,517
1ce66573-013c-41c4-921c-e4c906bfde0e,130,8,1942,0,0,,631,328,620,517,517
b34afc86-53ca-4e41-b376-d080d74023f8,120,1,438,0,0,,730,859,896,517,517
d72e7561-0f2a-42cf-a0a2-1544765a1083,101,2,21059,0,0,,1007,720,23,517,517
815d2f0e-ab8b-44e6-b510-1edd021bb799,201,4,2751,494,0.179571065,,309,528,484,13,6
122e6d4f-d383-4047-9734-4a4c358889ce,207,40,14756,32,0.002168609,,297,69,51,99,218
0e00be49-8980-416c-9e1e-42044f9fe44e,353,1,14332,6,0.000418644,,141,859,53,211,396
849de377-3928-4acd-ade7-85f8e153cde3,147,69,1306,1,0.000765697,,505,37,718,386,333
6db53a82-cb15-4341-8eff-af1ead790a2e,583,5,2153,0,0,,82,460,583,517,517
f51cc9b1-2e6e-4c07-97c4-f357c365645f,126,13,2504,0,0,,673,230,528,517,517
0e5ac11c-38da-45df-a274-61f2c5db9465,109,1,2058,0,0,,891,859,601,517,517
6a241b4a-aa6a-4979-8631-667fe6d16b0a,114,1,3183,1,0.000314169,,811,859,424,386,434
8eed9a42-f3c9-40a7-a1b7-79b3effd108f,106,3,4028,3,0.000744786,,945,620,328,280,337
dcc94f5e-abb9-4554-82a0-ebf794eea418,211,3,566,0,0,,288,620,866,517,517
f107b013-96e8-4999-a7d3-c5d24643ea92,102,2,2216,0,0,,997,720,578,517,517
4c3bc26e-32f5-424d-a47c-cdb4b19147c9,129,4,2416,0,0,,645,528,543,517,517
52aa4665-5999-48a5-9a35-47c65c4e97d9,201,7,5410,18,0.003327172,,309,364,239,135,175
2cdde29f-1ea2-499a-9f2c-1205a46fc572,102,5,4070,0,0,,997,460,326,517,517
3ee413e4-42a3-4f0c-82bd-81105b33ee3c,188,33,1017,0,0,,350,90,779,517,517
7a4404f4-5bd7-4c21-9605-932124c22dad,109,3,3672,0,0,,891,620,358,517,517
157207d4-0edc-4a75-a1e4-ee9d9875c4f5,138,8,3230,1,0.000309598,,563,328,414,386,436
48bc2ebd-deb8-4235-b5cc-94c239e3cf00,125,5,403,36,0.089330025,,685,460,903,92,11
71a9bb1b-8f50-4df6-9a2d-34474285a09a,162,48,426,8,0.018779343,,431,58,897,191,59
b3d3d088-90eb-46b9-b849-4d4755bd5ad7,1151,1,350,0,0,,47,859,915,517,517
73d2d1ee-77cc-454f-bf89-45eb48c4b2e9,136,9,563,2,0.003552398,,580,306,868,314,169
4d876a58-59de-4fa8-9587-d99587bdd944,115,2,1778,0,0,,799,720,646,517,517
f1853330-4e6e-45a9-8f4c-f03734b0f2b7,232,2,1512,0,0,,257,720,691,517,517
6e6bd895-d924-4d7d-b6d3-cefa60961596,168,15,8620,1,0.000116009,,414,198,127,386,498
f6f18825-1d72-463b-9df7-1f669a9a3010,182,2,5505,1,0.000181653,,370,720,234,386,475
1393b250-6d11-4632-b678-40ea8be72409,287,22,1508,2,0.00132626,,188,144,693,314,266
a4e9c057-f254-4ff1-83d7-e8e923d85072,177,2,11196,1,8.93176E-05,,385,720,80,386,508
4c6b07e6-6004-4a7b-8ca0-9a0acf1142c6,122,7,2865,6,0.002094241,,712,364,472,211,220
e5433c21-b494-4193-ba43-30d10f1e9346,530,84,845,8,0.009467456,,92,23,813,191,104
bb7b44a5-11ea-40b2-9cba-16ad0f00f1b6,130,1,699,0,0,,631,859,834,517,517
5822c994-b687-4445-8417-4d1ca4076029,944,4,7009,0,0,,55,528,169,517,517
3eccd956-ecd8-40eb-9031-c81752f05283,114,1,7346,328,0.04465015,,811,859,159,19,27
99211c2a-e283-48c7-a3f0-0c8434e75078,149,4,2267,6,0.00264667,,491,528,568,211,199
7061cc3d-bb88-471f-8fd4-3c0e5e64f112,111,19,8036,0,0,,862,162,139,517,517
84bfd162-303c-4484-8be5-ab604dcce833,110,1,3697,0,0,,872,859,351,517,517
ab9bd23d-0314-40cd-98c4-3960afda88b2,135,1,2985,3,0.001005025,,591,859,455,280,292
e0ae0cf4-7b7c-4e8c-a773-fa797a5b37d7,169,5,2531,1,0.000395101,,409,460,520,386,406
9f87de49-e1f3-4228-a7a7-a2e7c50c8518,144,9,4393,39,0.00887776,,528,306,302,88,111
de5c29cb-6b38-4ad1-a3f1-4a4f33ea0249,201,1,2463,1,0.000406009,,309,859,535,386,402
66760aa1-b5a2-4d67-855f-c60e62f72e74,173,3,163,0,0,,399,620,978,517,517
631e5a22-473e-4a83-98bc-296bb970a046,143,2,10446,35,0.003350565,,534,720,94,93,174
09b7f0d1-41e6-4e4c-bfe4-703a8c675a9d,109,1,3080,0,0,,891,859,440,517,517
24002703-d201-4493-bb0e-f930bb113431,359,4,2179,2,0.000917852,,136,528,582,314,308
b2f31869-85d5-47d3-85da-eda8bd76c882,174,13,888,1,0.001126126,,398,230,806,386,283
93286b9f-18f5-4621-bf11-4c679f0597b9,127,2,54,0,0,,665,720,1009,517,517
2d16f986-881a-4b06-8346-1c46baafc024,124,8,1302,0,0,,690,328,721,517,517
24a712a5-adeb-4109-9622-2f6256cd97d2,146,5,2089,2,0.000957396,,515,460,594,314,304
455f6614-9ef0-4bfe-89ab-48ced2338793,164,123,267,5,0.018726592,,424,8,934,233,60
93e2c0f3-e795-49d5-91cf-f0244bd5c107,167,3,410,0,0,,417,620,902,517,517
4fa1e5c8-4530-4550-a8d7-79e803ac84d7,151,5,3036,7,0.002305665,,477,460,446,200,211
af5b5270-eb5e-450a-a508-0e566e164248,423,1,1887,0,0,,116,859,627,517,517
19f5c114-bffe-4e92-b24b-a9b01325ce5c,191,4,369,0,0,,344,528,911,517,517
ebca37df-d85b-4c3c-a52c-77a0a9df0183,103,8,3197,0,0,,983,328,420,517,517
495848a8-ea59-400c-bd15-dbb382e4a1d7,108,3,983,0,0,,913,620,786,517,517
fdfe6ae4-f66c-4cea-b2e1-8a7645f0ce97,153,91,8417,157,0.018652727,,468,20,130,26,61
d986ccdc-432a-42b1-ada2-e3e68e7bc109,104,2,3295,0,0,,965,720,404,517,517
b5fcd5c8-621b-4d78-8954-e7278889c858,194,14,51,0,0,,338,213,1011,517,517
8298a0d2-2353-405f-99a6-28f9db577180,180,1,3585,0,0,,378,859,365,517,517
d37c20f9-e4aa-4fb3-8221-cc8c8b06668c,389,3,1078,1,0.000927644,,123,620,769,386,307
48cd1325-4d4b-4e97-9622-e67caa5fb807,537,4,4015,1,0.000249066,,90,528,330,386,455
23e24f14-90bc-4a0c-b707-7b525a31af42,149,5,192061,0,0,,491,460,3,517,517
d6d2e008-7815-4812-a01f-344b3ad691f4,252,29,6256,6,0.000959079,,225,101,203,211,301
12a1dae8-e534-4dba-9fdf-62c7c9dfbc79,133,17,3263,0,0,,607,176,409,517,517
2a66d639-11fa-41f2-b780-0b201711c4a7,324,3,18,0,0,,161,620,1025,517,517
b678d473-ff89-4c90-ac64-028f0a526f14,111,9,11133,1,8.9823E-05,,862,306,84,386,507
dc4f4f22-6e23-4286-bbae-42181295a002,251,6,178,1,0.005617978,,227,407,974,386,142
ac01ffc3-0fe4-48a9-bd95-30295d0baff4,105,4,7268,92,0.012658228,,955,528,163,46,84
6bdf9fdd-9aad-4a3b-90f4-9e986e7f5ff2,116,1,3183,0,0,,786,859,424,517,517
6f88a8c2-5331-4ad9-b2f5-43db909ae261,140,25,1262,0,0,,550,126,732,517,517
0a9840c3-9b9b-476e-9d02-687ef0481461,121,2,1302,0,0,,718,720,721,517,517
38c0c8c4-91a9-4769-bbc0-f9e216520706,120,1,6398,2,0.000312598,,730,859,191,314,435
522cfa2b-62c9-4cf5-8d4c-c5d82f618866,144,6,10606,22,0.002074298,,528,407,89,124,223
d1336ef4-5e9a-4176-ab7d-9d98ce838e4f,162,2,1532,0,0,,431,720,686,517,517
1cd66188-73de-43e8-83f8-c2c3c999688b,103,1,4186,1,0.000238892,,983,859,315,386,459
7348c9bd-8b5c-43d7-b8de-b81a8b3defb6,114,16,4315,0,0,,811,185,310,517,517
36525892-aa19-48ab-be21-7d82ea340c9d,112,9,527,0,0,,849,306,879,517,517
46a95b19-f1b5-4875-9765-d28bbc77452e,128,66,6842,5,0.00073078,,656,40,173,233,339
ec0937bd-97d6-4a32-9243-f27b21e4c354,124,21,15113,35,0.002315887,,690,153,46,93,210
bb545910-1beb-47cd-a3e0-840c5125287e,143,11,8017,1,0.000124735,,534,261,140,386,494
59eb1c2f-65de-4450-87cd-07fb84ebd8f6,119,34,16276,246,0.015114279,,745,84,38,22,74
7d2268cc-b0fe-43e6-885f-e21805132d7c,750,1,2273,0,0,,71,859,567,517,517
2d081f47-85c5-4a47-a4b1-d4e1042359fc,197,4,2284,0,0,,325,528,566,517,517
a8184848-301d-494e-98a2-4b5c2fe63234,101,3,1167,0,0,,1007,620,755,517,517
8f1c6227-0b0e-4054-bb43-324aee5daad4,122,1,1961,0,0,,712,859,615,517,517
da1d0a1e-0159-42a0-9d54-a73b7c7becc3,107,1,1,0,0,,924,859,1034,517,517
6d1cc8ab-f92e-426d-83a9-0599f9f95081,110,2,13752,3,0.00021815,,872,720,57,280,464
89a98c95-efb0-49d2-ace7-1b9c9e6dd14f,132,7,1887,3,0.001589825,,616,364,627,280,249
e0695928-8457-42ed-9f7d-5be5b91f3c3a,200,23,4491,60,0.013360053,,315,134,295,65,80
680f1257-efa4-481f-b3e9-7a6fe850801b,163,43,5406,0,0,,426,65,240,517,517
7facad1a-3c04-4475-9179-0bb9d0bcc9e3,11604,2,11139,0,0,,9,720,83,517,517
2567bde3-50fc-4ba0-a6f8-268f066c381f,2480,5,4955,1,0.000201816,,25,460,270,386,469
7133084a-1b78-4be8-9da0-a9f9a617d2b9,132,2,4438,0,0,,616,720,297,517,517
f9459f79-f28d-40e6-ba9b-50f53dc5a338,116,2,4174,5,0.001197892,,786,720,318,233,279
3afdc739-e1d8-44c8-afbd-44f442f938bd,120,20,7246,0,0,,730,159,164,517,517
5a3f156e-15fd-4498-bbad-e6aeb6b91655,6216,1,600,1,0.001666667,,13,859,859,386,244
40da7643-dab1-4f2f-bbaa-064347b4e3e3,130,6,9310,6,0.000644468,,631,407,109,211,353
496c0cc3-756c-4ca5-bb3b-bbaa70a85142,116,7,2994,0,0,,786,364,451,517,517
eade47bb-cc88-482f-a343-43a34528c3fe,126,8,395,0,0,,673,328,905,517,517
fbd4d10b-febf-41f5-b63c-0594b2d2d37e,105,1,1397,4,0.002863278,,955,859,708,253,190
f565a2aa-ff59-4a7b-9efa-2d7867266054,103,12,1353,0,0,,983,241,711,517,517
af1d8b65-2029-4e5d-a1c2-611c69bd5c67,100,2,2609,0,0,,1025,720,508,517,517
f2a468ef-7c6f-4e92-b93d-733787d064b3,498,6,220,0,0,,100,407,952,517,517
e04b609c-bf22-4d41-a09a-8f806a36c1bc,124,1,16174,52,0.003215036,,690,859,39,70,182
fa8a371b-886c-4d8d-9fe3-316ca5ebd451,109,1,33522,0,0,,891,859,13,517,517
98a266d8-585b-4744-9770-557316922640,133,2,647,0,0,,607,720,846,517,517
7bfb53f0-4fd7-461e-8583-0c688dffa624,117,3,3563,0,0,,773,620,369,517,517
c6401c1b-6466-4650-a9e0-fb17987df580,177,7,6350,22,0.003464567,,385,364,197,124,171
a57fcb34-8abb-4511-a6d8-80247f3bf517,226,2,137,0,0,,267,720,984,517,517
f4dc7bd3-4a3e-48ce-9ae4-71c23b4248e3,181,6,2947,2,0.000678656,,375,407,463,314,349
7b670daf-d6ae-4fa8-baed-d9e0d75435b1,9037,42,8,0,0,,10,67,1030,517,517
cb6d111d-c31f-47f8-a001-d772b7481b76,249,19,3195,9,0.002816901,,232,162,421,179,192
6364df2a-78be-4ff0-8c64-7b2b0ff11a19,115,4,695,2,0.002877698,,799,528,835,314,188
870f5f89-25d5-477f-b5bc-4c192f96bb83,137,10,662,0,0,,574,278,843,517,517
be6d9b78-1d20-4223-beb9-7e52b8bf79d2,403,4,1752,0,0,,120,528,649,517,517
5110f47e-ad62-4c02-b8e6-7c0a2d764f22,104,1,7344,15,0.002042484,,965,859,160,146,226
c4b38653-7c49-4849-92ef-a73a0155adfd,310,14,1852,0,0,,172,213,636,517,517
1caff3d2-88d0-44ea-b432-12af1ef62b00,206,8,2967,0,0,,298,328,459,517,517
e2fff53c-30bb-45b2-97b1-8ba9cb4ce9b7,134,3,6006,0,0,,599,620,211,517,517
16aac341-eb51-46e0-be04-611d93cf92d9,107,11,2547,2,0.000785238,,924,261,515,314,330
18a74f5f-c0da-40ee-a733-8db4109ea71c,247,11,256,0,0,,236,261,936,517,517
c7d74fad-1d3a-49b8-ba12-d3101786f740,131,3,1725,14,0.008115942,,625,620,654,150,117
27536998-4f1c-4a01-b866-b1a1c2349b5a,156,6,2500,0,0,,455,407,529,517,517
0a8a1785-2ac6-40aa-8b69-525b969a18bf,657,80,3993,2,0.000500877,,77,26,333,314,378
c70f0642-afba-4d31-a562-567490405894,262,70,12520,41,0.00327476,,214,34,65,84,179
5cfe6103-720b-4a79-bcba-f84f84bfd178,824,3,1436,0,0,,61,620,703,517,517
3a1bd246-90a3-4ecb-9f45-366f7863c0ef,155,4,4897,1,0.000204207,,459,528,274,386,468
57d60c6e-bf3a-48a8-8d5d-012096a7b2cf,209,101,77857,1518,0.019497283,,291,18,7,3,58
1b76a654-72c1-460d-9e4b-6414310f3aa9,187,1,246,0,0,,353,859,941,517,517
3887ad27-aab2-477a-b69c-29ad71fbbcf1,229,7,6532,8,0.00122474,,263,364,185,191,276
08f5beec-d95c-455e-a0a4-1b0633469c96,120,10,1729,28,0.016194332,,730,278,652,114,70
771aea87-9ac4-4542-b38d-910a637808ee,186,4,3127,0,0,,356,528,431,517,517
5a81347c-59c8-49ad-9cb8-cabf162fae53,135,1,8733,0,0,,591,859,119,517,517
b6185d91-5740-4897-82eb-a54ae9a89d51,155,3,3180,0,0,,459,620,426,517,517
34761db7-f225-4eeb-9798-7a0c333f1c1b,1196,6,2900,0,0,,43,407,468,517,517
eebc166a-4bcf-423f-bed7-d4df021d70fe,130,16,1956,0,0,,631,185,617,517,517
9ab6b8eb-5b9c-46a0-9850-0301920a9988,205,60,240,7,0.029166667,,306,45,944,200,36
59bbb68e-60fd-47e8-8f51-ff2f5ed77ca5,118,74,5498,125,0.02273554,,757,30,235,32,51
de061caf-fd58-47b2-8c56-0ce0ba09d382,171,1,687,0,0,,406,859,838,517,517
b8ad194e-e4ea-4c11-8249-e1b73417149a,535,5,221,0,0,,91,460,951,517,517
0bd23ccd-b346-4251-b9c8-7c18a8938bb1,129,6,5950,5,0.000840336,,645,407,217,233,319
85ed0e4b-1906-4c94-bda2-beb22453f2d8,111,2,5658,1,0.000176741,,862,720,230,386,477
f20bdc50-7f2f-4ba3-ad13-fce13145fc99,107,4,2075,1,0.000481928,,924,528,596,386,382
8f891c67-6130-4516-ad81-081dd7b2f0ba,100,4,1209,6,0.004962779,,1025,528,741,211,147
9a59db0e-bec5-46db-abd9-9147b1105bcf,106,2,4334,0,0,,945,720,307,517,517
be24ca9e-ecc1-453a-b45e-6238fac7a2d1,179,6,3682,7,0.001901141,,380,407,356,200,230
dd73f233-057e-4f12-96eb-d8b91e8363c5,628,6,2989,0,0,,79,407,453,517,517
91dbd4ed-218f-4097-a9d6-94059f2f0e46,228,15,565,1,0.001769912,,265,198,867,386,236
e24ff377-a5bd-48ce-ac01-65bd4a595d94,172,2,478,0,0,,404,720,888,517,517
ceb844d3-0050-4406-9fa8-4de7388d21c6,120,28,3,0,0,,730,106,1032,517,517
92d2a3ba-a8db-46c1-bedb-1520224f1297,113,1,334,0,0,,833,859,919,517,517
5fd62223-30ed-4b3a-9fcf-e748435e775f,137,29,2862,28,0.009783368,,574,101,474,114,103
0864c308-9e6d-43d8-92fb-8e119ce8dddf,118,4,3388,0,0,,757,528,395,517,517
cfea0e24-75b2-447c-96c9-19c627bce11b,123,28,2101,1,0.000475964,,700,106,592,386,384
b093621e-c968-440e-a685-d2317225ac05,265,5,1184,0,0,,212,460,751,517,517
5c69d05b-b7f0-447d-bef6-7085fd4e56d1,111,103,1720,3,0.001744186,,862,16,655,280,239
5af9f93e-aac4-46ac-bb89-17f6ac133a49,230,23,2914,29,0.009951956,,261,134,467,109,100
c28d1810-6f52-4b5e-b7f9-7918b349b962,123,26,3360,2,0.000595238,,700,116,401,314,359
b204f041-6689-4154-b9b8-2adb40502e38,424,2,199,0,0,,115,720,964,517,517
ad3ffb46-a448-415f-a74e-6d09f027960b,146,8,692,4,0.005780347,,515,328,837,253,140
0d000ef2-9ff9-4c33-859d-1efda36ae514,113,1,56,0,0,,833,859,1008,517,517
a9d4d94f-4888-42dd-b0a8-4640e65912db,161,3,1669,1,0.000599161,,436,620,665,386,358
aa9d60be-d94f-4711-9179-0f4c3e38a624,1023,21,1035,18,0.017391304,,51,153,775,135,67
282f0a03-d196-4121-aee7-c8adb4f917a8,169,9,81,0,0,,409,306,1000,517,517
0683a566-ed59-4c90-ac1b-17c6743cd3d4,130,17,1132,0,0,,631,176,761,517,517
750afef7-c446-4340-a28c-01684d037c70,168,2,3408,0,0,,414,720,391,517,517
457308fd-8677-4307-947c-ddd23edcc5d3,113,50,3112,19,0.006105398,,833,55,434,132,132
14764fe7-3dd8-4941-bb32-85a32bbf0507,1392,12,1928,6,0.003112033,,37,241,622,211,184
67084bf8-25aa-4fe0-8005-d5e323d42f27,127,1,1483,0,0,,665,859,698,517,517
23de7a28-4ae9-4c60-9419-15b3a6f259f7,232,3,2305,0,0,,257,620,562,517,517
b2f9e14c-2016-434e-978a-a0e0715e06d6,106,5,2980,8,0.002684564,,945,460,457,191,197
647a4d28-2b35-42ab-8139-6e298fddb4f7,111,1,2324,0,0,,862,859,559,517,517
825650ba-475c-4148-9413-72121907cd9a,117,8,2512,0,0,,773,328,525,517,517
f6157c7b-ab64-432f-9c67-6ad083fa3c0c,966,13,119,0,0,,53,230,987,517,517
4357ccdd-e35e-4a9b-9843-1fdd4842f504,197,1,452,0,0,,325,859,893,517,517
899f30e1-a263-4e6f-82d0-39551418ac69,236,7,460,6,0.013043478,,251,364,892,211,81
a7947cfc-8e9c-42dd-8e05-440c018b09ec,102,1,532,0,0,,997,859,877,517,517
9b13a9f7-52c7-4ad3-82af-0b7937bf1b34,230,3,167,2,0.011976048,,261,620,976,314,88
9259291f-b26a-4fb9-8d01-56c1d150ba6b,102,12,4525,4,0.000883978,,997,241,291,253,310
81e8f6bc-5f7c-45bb-8b27-d31f9489341a,101,1,5850,0,0,,1007,859,222,517,517
1f5db22e-0c33-4792-b1ac-4c2481e15bee,154,2,2682,500,0.186428039,,464,720,499,12,5
28cd1f37-5d7e-4410-b6fe-6e2833d07342,266,9,22583,6,0.000265687,,210,306,22,211,452
e048eed8-656f-4f05-a50a-b7ec40e27e70,288,2,11532,329,0.02852931,,187,720,75,18,38
31b3b1f8-946f-449c-99fa-87208095d18a,130,15,2971,13,0.004375631,,631,198,458,155,152
0d7a5767-87ee-4e94-b915-31feaecf25fe,245,11,3491,3,0.000859353,,239,261,379,280,315
96581725-319c-4060-88d2-fb7db9fc9475,108,3,1736,0,0,,913,620,651,517,517
1799c449-e455-4839-a222-49d5fcff1d12,206,5,2443,7,0.00286533,,298,460,540,200,189
f8b9e8c1-6f10-4c4c-b9f5-e44245ade4b7,104,64,1561,0,0,,965,43,684,517,517
b8ab7ba3-b80d-4597-8c06-d76bf1ffb6f8,101,5,2939,1,0.000340252,,1007,460,465,386,422
ccfcdb4a-ce75-4125-bb64-8610d1c0070f,106,1,1185,0,0,,945,859,750,517,517
9984cf46-9a70-43f0-89dc-78fe5a0ba435,621,3,4244,1,0.000235627,,81,620,312,386,461
f7f137eb-45dc-486c-bc25-7481995cafcd,322,30,12153,133,0.0109438,,163,98,71,31,94
929252cc-e5b4-489b-aae0-4b3d63b3dfd6,142,6,7938,6,0.000755858,,538,407,146,211,335
4ae91fb8-2e7e-4537-8b28-39c8518ce009,863,3,6108,1,0.00016372,,58,620,208,386,483
e6141c85-1908-4785-9187-34ac37b1cf0b,275,10,498,3,0.006024096,,199,278,884,280,135
54d9252d-71fa-460f-8409-25c201c667cf,134,33,1626,0,0,,599,90,671,517,517
889ce187-110c-4e42-850f-940e3c658930,105,2,670,0,0,,955,720,841,517,517
d81e6f71-6716-4f17-99fe-2f833c44076d,140,16,5624,0,0,,550,185,232,517,517
ba34719e-49e0-44dc-b170-e487d45c218c,136,4,1223,1,0.000817661,,580,528,737,386,322
2e774c20-5a76-413c-ba54-9706a17e1373,129,34,979,0,0,,645,84,788,517,517
1c3d8261-4b4a-4bd7-9c79-440d919b6ffb,103,1,3506,5,0.001426127,,983,859,376,233,258
f59ad72a-73b1-4f60-98a4-7c8d6373065e,156,10,2260,0,0,,455,278,570,517,517
05ef3dd3-2deb-4395-9813-94533d1326a8,117,3,1272,0,0,,773,620,728,517,517
08bd9521-fa0b-468d-a4a4-9495ca042c97,113,1,1229,1,0.00081367,,833,859,736,386,323
22bf8e78-797d-4e0e-a794-b9e1e2636a75,121,1,4799,0,0,,718,859,281,517,517
c0cebdc3-feea-45a1-a396-9013ce4e411d,104,5,1597,1,0.000626174,,965,460,677,386,356
2e3ae4d9-42db-4b26-97f3-4a03a19b41a6,172,59,5159,41,0.007947277,,404,47,254,84,119
c8563917-deef-4b1a-b6fb-7f7b0c7ecb52,147,2,2332,10,0.004288165,,505,720,555,172,154
f07aae54-f48a-4cc5-a182-c24bc8b2cfb2,220,121,2714,3,0.00110538,,277,9,493,280,286
6ecbea83-d3d2-4121-a1ab-989ee4f0698b,268,1,3293,1,0.000303674,,208,859,406,386,438
a19d8fe6-8af6-45b1-8d69-5d592ae22524,116,1,2563,6,0.002341007,,786,859,513,211,209
fedd3fe7-846c-421c-b2e3-5af601500208,406,1,1511,0,0,,119,859,692,517,517
77ef87b8-cb72-4434-b7c1-579c66ddd185,114,1,864,0,0,,811,859,811,517,517
1b72b62d-8589-4379-ad17-73ebef3cf2df,216,23,14065,12,0.000853182,,282,134,55,163,318
b603f909-8421-4794-9343-bd399cae2d97,164,7,284,0,0,,424,364,927,517,517
00c86143-8057-4ecc-8da6-7fb09ba088ca,108,10,155,4,0.025806452,,913,278,980,253,45
e9705b72-4f72-48ad-92f9-06c85d9927eb,133,1,381,0,0,,607,859,910,517,517
a1c78627-2e32-4311-83a4-5799917f829f,123,4,4717,0,0,,700,528,283,517,517
722cd105-5a6e-4719-b7b3-2067f2122aa6,328,28,12129,93,0.007667574,,158,106,72,45,121
35b5bd54-1df5-4414-b186-1a3a04013d6c,1922,16,478,0,0,,31,185,888,517,517
0be59d9e-eef1-4460-8d65-1a5774bcce5b,107,5,1672,0,0,,924,460,664,517,517
9e6e91cc-cee4-410c-a8dd-e12f7ff36869,163,26,43966,9,0.000204704,,426,116,10,179,467
5d5d5da1-ada8-4be1-b4ac-6660554d9730,110,29,3325,1,0.000300752,,872,101,402,386,439
75a37b4a-c103-4452-ac84-710b5b090049,128,12,6759,1139,0.168516053,,656,241,176,8,8
9502a0ac-8eea-4bad-ba33-a4ba8dae12e2,141,6,6687,5,0.000747719,,544,407,178,233,336
87c466a6-935c-4d7a-b65d-fd480c40f965,209,12,6028,185,0.030690113,,291,241,210,25,33
df305248-5706-4323-804d-aefea28b680d,780,1,10,0,0,,68,859,1029,517,517
485f1833-bbff-435e-8d66-8ff0bb9db174,312,4,16325,2,0.000122511,,169,528,37,314,495
4b5d21af-0565-4be8-9bdb-4c1707e93fbb,117,2,3798,0,0,,773,720,346,517,517
b97a8377-b0dd-4599-bf9e-039f6cfcb71c,302,15,3687,1,0.000271223,,178,198,355,386,449
02a160be-24c2-454c-863e-03dc0b7221e2,119,2,5,0,0,,745,720,1031,517,517
c1f58c56-c208-4c9b-9e15-ff54ba9e3c91,160,6,7454,5,0.000670781,,439,407,157,233,350
8565e22f-a40b-4970-8bd8-ad3dc8393f58,114,1,928,0,0,,811,859,799,517,517
13ce5bfd-4e15-463b-9254-1ae9c84f39ba,156,12,9651,0,0,,455,241,103,517,517
60750ebf-dd73-4a77-aadd-31a9dc4284ee,274,7,2730,0,0,,201,364,488,517,517
d2ec0359-7717-4968-9fca-61ffe65eaf4a,138,4,7761,4,0.000515398,,563,528,152,253,374
2a9d5a64-67f1-4a50-9c44-2cb81a1f0871,179,75,2736,0,0,,380,29,485,517,517
f6d050df-9ec1-49bf-bbcd-09e392a35085,220,4,5823,0,0,,277,528,223,517,517
dd6c8489-c1b9-4be9-90c7-63a2ee3f8504,206,13,3922,4,0.001019888,,298,230,338,253,291
c03c1c80-ad8f-4a19-a583-c51e4b3b826b,318,9,2518,11,0.004368546,,166,306,524,168,153
bb0aae5a-ce17-4d5f-a14f-e039720dcb96,647,32,480,0,0,,78,94,887,517,517
a4f01dcf-06bb-4adc-868c-e1130bd658ee,129,1,8132,0,0,,645,859,136,517,517
d19e49ec-8333-46ef-857a-ea9eb17e498f,4367,5,5184,106,0.020447531,,16,460,251,40,54
1c6202a6-6903-4bc4-aaab-fd7dfc58434c,136,23,3215,0,0,,580,134,418,517,517
f1a96656-34ad-473d-9faa-308b7342b439,114,1,3280,1,0.000304878,,811,859,407,386,437
beb614c6-cbe4-4862-aca4-e6a258737872,130,5,2703,1,0.000369959,,631,460,496,386,416
675d1751-3c7a-47e0-95d6-6ca0c7d96cc1,115,1,3087,1,0.000323939,,799,859,439,386,431
79c88f18-80c2-47f7-a5bd-ea567121f93a,319,2,6837,0,0,,164,720,174,517,517
5e422db3-cfec-41b7-8752-4c120a54c42e,208,21,24280,17,0.000700165,,295,153,19,142,347
d2841a80-eda2-4815-a3e6-cfe31c02515c,109,26,1659,0,0,,891,116,668,517,517
3d880809-f06d-413e-a7d7-960e168e5ebd,183,7,2531,0,0,,365,364,520,517,517
fba24687-125a-4d2b-9460-ca9ba9a79fa9,114,3,1963,0,0,,811,620,614,517,517
94520313-84c3-4d9d-a3b2-a5a5a39d48ce,12016,3,3654,6,0.001642036,,8,620,359,211,246
139b6f22-8ef9-4d4d-92e1-c2eac4ae6ec7,115,1,346,0,0,,799,859,916,517,517
fac60c56-256b-45a1-885c-d30d48149f57,349,5,640,0,0,,144,460,849,517,517
f4c231e5-8db4-499a-848d-c811682ee082,182,3,4328,0,0,,370,620,309,517,517
29588ce9-2dcb-4c0d-9a4d-9775069c8c2a,110,2,7479,13,0.0017382,,872,720,156,155,241
558b9dc9-f0d8-4b18-9acc-fef51f641681,157,7,11183,8,0.000715372,,449,364,82,191,341
50a98a9f-6b37-4f75-b39e-39779555f8df,107,5,1099,0,0,,924,460,766,517,517
8dc7fb59-429d-4ceb-b0c6-42e65d75c13d,411,8,22703,3,0.000132141,,118,328,21,280,490
fe6bd2f4-519c-4a79-8baa-276d648d7cd1,127,8,1530,7,0.004575163,,665,328,687,200,151
f4d47eea-9c60-4b8c-a09d-9068ab713466,141,4,6332,2,0.000315856,,544,528,200,314,433
48792d29-f216-4683-9293-2f0421f89761,357,5,1505,1,0.000664452,,137,460,695,386,351
dd1fd40b-1eda-4ec4-9e52-91251c328b9c,112,36,10215,2,0.000195791,,849,80,96,314,472
3eb041d1-2bef-4061-bfc0-8d06d95cf2b6,184,51,2892,10,0.003457815,,362,54,469,172,172
ec424a2a-ef78-4f18-8cfe-eec940d3800b,206,5,741,0,0,,298,460,830,517,517
73e4565e-f7d6-44a3-a193-8307debcc328,1284,4,73165,0,0,,41,528,9,517,517
e88154fe-58be-4068-b6bc-a1ee455bfcbd,158,10,5930,1,0.000168634,,445,278,219,386,480
b08b2164-2ccf-4bcc-a362-854e2675a37f,104,1,1691,0,0,,965,859,658,517,517
76066ce3-f2aa-4f3e-b0f3-c19399fe6c6e,113,1,757,0,0,,833,859,827,517,517
a2cdcea8-70f7-4e88-81e0-2faed62f4577,240,3,5732,2,0.000348918,,246,620,227,314,420
dab5e0e2-62c2-4fee-8bc6-f6da448f0402,118,5,3616,142,0.039269912,,757,460,361,28,29
97d26d3d-7f3a-4c84-b032-552a19d6cbb6,118,3,10191,0,0,,757,620,97,517,517
2ec31448-19f9-4377-b388-881f52965202,123,1,1994,0,0,,700,859,610,517,517
d811000f-d21f-4b0c-b099-11f61e8423c6,254,8,10467,1,9.55384E-05,,222,328,92,386,505
eb88f76d-870a-44d8-84c5-83f0ea7493df,107,3,27781,42,0.001511825,,924,620,16,82,251
da28e48b-cf45-4a87-949c-a30104b82a09,150,6,5996,9,0.001501001,,483,407,213,179,252
2e7e2dbe-bcc7-46b4-8078-61897ba2fc9d,121,7,3403,11,0.003232442,,718,364,392,168,180
17b7e1b8-c313-4bdd-a120-ab9115019d36,516,10,3135,1,0.000318979,,96,278,429,386,432
966a0a68-fed9-44fa-82ac-d4eaca3378b2,102,2,3425,6,0.001751825,,997,720,389,211,238
4394d248-b834-4699-b2aa-8996eb8e37c7,141,4,9473,0,0,,544,528,106,517,517
d36f46fa-0526-48e2-bda2-53d39c39e7b3,158,56,2365,0,0,,445,50,549,517,517
b5946442-71c9-4cf7-968b-3ce2367e1260,104,87,102,24,0.235294118,,965,21,991,121,3
46a22721-b321-4fab-997b-b1dcfd4f79bb,338,23,13032,391,0.030003069,,154,134,62,16,35
b9955f1b-0edf-44e9-a89c-bcea4424228d,139,14,1764,0,0,,558,213,647,517,517
3d081422-f6f1-4fd7-8e26-6e50a8b0af6c,1929,9,3251,0,0,,29,306,412,517,517
deec1fdb-ddac-47ac-a05c-386b00412ddf,250,6,2470,2,0.000809717,,230,407,533,314,324
874ba597-72ab-490e-a4c1-227138d2b1d8,123,4,5971,3,0.000502428,,700,528,216,280,377
d47d3f42-36c6-46c2-8bc2-d08f38213b3d,173,4,2594,0,0,,399,528,511,517,517
2e68dd95-75c6-4b4e-ab90-e7802a9eca2e,110,3,3073,5,0.001627075,,872,620,442,233,247
3c8b8b46-0d42-47f8-b14d-dfb50daecd19,168,19,6281,110,0.017513135,,414,162,202,37,65
99e862c0-b8fc-4f2d-a846-f69ada6630f3,169,12,2362,30,0.012701101,,409,241,551,103,83
b279a1e6-b9e4-4590-92eb-a3142602edef,366,14,8478,19,0.002241095,,133,213,129,132,214
9854c2ee-8b35-443b-b5cd-25658cf96078,148,2,1930,0,0,,497,720,621,517,517
b6e57db6-6af4-411e-9923-a821046c3bb0,361,4,2353,1,0.000424989,,135,528,553,386,394
1d934c26-0ebe-4fa0-9a46-1d7299635021,505,23,2075,0,0,,99,134,596,517,517
2058f9b4-4ad7-4432-afab-687fd9c07558,123,27,4090,4,0.000977995,,700,112,323,253,298
d36e0908-f667-47a1-b880-2e25de8bec23,235,2,989,0,0,,254,720,784,517,517
9bc3c343-a43c-47e2-951e-4a7d5230f812,105,5,3099,48,0.015488867,,955,460,436,76,71
4ecd40cb-006f-4b77-9ec1-2c8018f453ba,147,2,1211,0,0,,505,720,739,517,517
1f5e594f-d75b-41db-8c23-d55b66479edc,562,22,618,0,0,,85,144,855,517,517
9184c617-7ebd-4896-acc8-e3a3ee1ff969,173,3,7780,12,0.001542416,,399,620,149,163,250
a9041e89-6e2b-4e2f-b06c-4f00862aa076,294,4,7780,92,0.011825193,,183,528,149,46,89
4b5240e4-15b7-4d37-a28f-59bf3e23447e,120,10,2638,0,0,,730,278,504,517,517
1b66f0d7-c96a-4f51-bf54-1fcd603d2293,169,37,3396,8,0.002355713,,409,79,393,191,207
8e34b33b-17df-4a01-9cba-a0d339e07048,665,1,3221,0,0,,76,859,416,517,517
4dab0ee7-f586-433a-a93e-81e336a34813,140,2,1853,0,0,,550,720,635,517,517
d771ffd4-4944-48d7-91de-610418d2636b,135,111,2783,18,0.00646784,,591,12,481,135,130
01eadfb6-341a-46f0-a68f-e09bdbf352fa,263,4,6586,0,0,,213,528,181,517,517
eeae6fee-06a2-41b4-bb14-bd89016a6e08,107,8,3093,75,0.024248303,,924,328,438,55,48
baca94fd-26a3-40f8-9720-db91b138ab4e,117,2,967,0,0,,773,720,792,517,517
0c14cbc9-5b2d-4615-8127-79644fe74236,200,5,12282,1,8.142E-05,,315,460,67,386,510
b05ea9f5-23ab-4820-80cf-9ef7421c0757,114,2,10530,3,0.0002849,,811,720,90,280,443
f2fa7b2d-2b4f-45cb-a45a-cc3da7d822c4,119,7,5816,0,0,,745,364,225,517,517
b34b259d-db8d-4512-a975-accaa0ce63b2,117,1,1277,0,0,,773,859,727,517,517
a6c0fa4a-8f78-4b5a-ba6c-7012ecdea8de,435,12,20400,29,0.001421569,,112,241,26,109,259
35f55121-560c-47e5-afe1-09c2b454a380,237,4,2597,1,0.00038506,,249,528,510,386,409
8a1d6937-eeb2-432f-b011-00f444c31c69,178,4,11927,1,8.38434E-05,,384,528,74,386,509
02ad3121-2a72-41ea-b134-5b57b3399682,102,8,3170,54,0.0170347,,997,328,427,68,68
c9c38a49-7b51-4e41-8332-25a12403aae4,134,5,3153,0,0,,599,460,428,517,517
93e4ed24-02e8-41a6-903a-58ba52f47e68,101,12,12237,5,0.000408597,,1007,241,69,233,399
dda5a3f0-102e-4720-b479-fd172a3953bd,189,2,2942,0,0,,349,720,464,517,517
629342bf-b339-443f-8d01-df12475c414e,1444,1,3449,3,0.000869817,,36,859,387,280,311
72f33be2-fa91-4097-81fa-0a5b2039b9fb,295,8,2539,13,0.005120126,,182,328,518,155,145
24103554-e1b6-49b0-bbad-a47908d5b161,114,2,563,0,0,,811,720,868,517,517
3a4db898-048a-4ca3-875a-150e6adf7724,110,1,1067,1,0.000937207,,872,859,770,386,305
e764b126-32ce-4467-9db8-9d839657e1af,145,4,2002,0,0,,521,528,607,517,517
31598643-b2d8-4d1e-86c7-f031e268b84c,121,5,3584,1,0.000279018,,718,460,366,386,446
2d092e4d-fb5c-4fbb-906b-7810df3c9781,515,14,99,0,0,,97,213,993,517,517
b1252260-1922-491d-836c-5d6c6e6519bf,268,2,8779,602,0.06857273,,208,720,118,11,19
dffb0e9a-0b55-4209-bf18-e95e82be36cc,128,7,100,2,0.02,,656,364,992,314,56
1af0bb2e-3734-4d15-aca4-0b151c9b9b3a,104,2,2456,0,0,,965,720,537,517,517
03cfa1ba-b47e-46a1-8c39-a604c45cb5b6,278,11,4183,0,0,,195,261,317,517,517
722acd7b-c54f-4304-8931-c2db7ab48027,140,15,3218,15,0.00466128,,550,198,417,146,149
da49d6f8-0e73-46ad-b54d-78ebb37f0671,113,1,1128,0,0,,833,859,762,517,517
21292465-e372-4a70-b315-511e57e6ada6,101,6,2869,1,0.000348554,,1007,407,471,386,421
f3c9dc5d-c2df-45d1-a121-2ba5692de708,104,2,4184,2,0.000478011,,965,720,316,314,383
d030aebb-b445-4d92-aabc-6caa5d5c2781,153,9,1870,1,0.000534759,,468,306,630,386,372
2d4ef172-2771-423b-bab5-041498809204,283,4,1854,0,0,,189,528,634,517,517
932a2c88-8d99-4533-916f-1ea9877f5e73,148,1,1743,0,0,,497,859,650,517,517
26cd5132-69cf-412c-b74b-ef76d0e6f937,571,2,2779,1,0.000359842,,83,720,482,386,418
15b2f6dd-4757-446b-b26e-02586dbb67d7,109,1,268,0,0,,891,859,933,517,517
d65c416a-08c3-4c52-a62d-0f7c93ae26aa,134,1,274,0,0,,599,859,929,517,517
2d8d27f8-6ebb-4e9f-aa37-a9cc6778c626,367,40,3005,34,0.011314476,,131,69,450,98,91
58742e80-b13b-47a1-bc25-96070cacf4cb,224,1,2064,0,0,,269,859,600,517,517
a6e8aa22-29b4-4b39-925e-7917062f4b80,177,1,918,0,0,,385,859,801,517,517
2a9d31dc-940f-4fff-832c-bcce0b86fce5,56960,427,15814,1257,0.079486531,,3,3,44,6,17
81e0a7e5-90fc-4069-9891-29a980c9d1d2,100,39,1683,1,0.000594177,,1025,72,660,386,361
13292b9c-560f-4488-b1be-2cf6e0ad40ca,128,4,17537,1,5.70223E-05,,656,528,32,386,514
9e1bee60-5a06-4a08-bbd8-a9ed43dd5266,100,1,5463,0,0,,1025,859,236,517,517
e47e2b5c-1a99-4532-a019-dcae948ce5ec,154,5,8686,30,0.003453834,,464,460,120,103,173
6307b9ac-074f-4b38-b7ed-400ac8b71afd,150,10,8567,6,0.000700362,,483,278,128,211,346
83459446-d7db-403f-a740-58e4be11dee6,311,6,1098,0,0,,171,407,767,517,517
8a2346ef-3603-493e-9e7c-a9ca0ba4277b,160,4,5514,4,0.000725426,,439,528,233,253,340
03c3a03a-30b6-487a-b043-98659712c364,125,9,12,0,0,,685,306,1028,517,517
ae08ba53-4762-4ad9-8db7-3ea2aeff7515,38178,2,219,0,0,,4,720,953,517,517
13ae334d-cc70-42e2-af37-77bebd6359b2,331,2,7170,5,0.00069735,,156,720,165,233,348
95f235dc-927f-4373-bf24-176e45ff5f79,121,2,4078,1,0.000245218,,718,720,325,386,457
35747874-f18c-4e66-8e1a-f1641914d70b,117,1,552,0,0,,773,859,871,517,517
bd640668-5342-431f-9b5b-2896cd3bc29d,148,6,4221,3,0.000710732,,497,407,313,280,343
76d4f063-746c-46e6-896d-4a591487b81f,148,4,1445,0,0,,497,528,702,517,517
890b74ff-4711-4a48-9cfc-c83288be9002,257,2,78,0,0,,220,720,1002,517,517
9df74646-d07c-4aa1-b57b-766f06a0e87c,204,15,15016,7,0.000466169,,307,198,49,200,388
aa30be74-1aa9-4fc1-aa0b-50c9e8289e21,110,10,3132,13,0.004150702,,872,278,430,155,156
8fe75358-c2d8-4c4f-9344-0dcb821e0c31,131,5,3379,0,0,,625,460,396,517,517
3349e921-4217-4631-8cd2-0895e19459ce,260,2,963,0,0,,216,720,794,517,517
10da1166-5afe-489a-b318-5c4ca6db5afb,147,4,4335,0,0,,505,528,306,517,517
c0d25398-ed35-4db4-94cf-0084e6e67fc6,101,3,6439,9,0.001397733,,1007,620,190,179,260
132afb36-c7ba-4a5b-9c7a-85eab4f64883,152,4,9229,52,0.005634413,,472,528,111,70,141
293f51f7-c828-48a1-a8a9-13c1208a5348,173,4,249,0,0,,399,528,940,517,517
515155d7-5dc2-4c22-808f-b32dec807b8c,314,19,2001,2,0.0009995,,168,162,608,314,294
77380dc8-83f2-4ace-ad23-c679e7df0093,1984,1,1303,88,0.067536454,,26,859,720,49,20
13eb5b84-0c45-4bf3-87a2-308ef59b96c9,932,83,78685,31,0.000393976,,56,24,6,101,407
aa55fbb1-f3ed-4cd3-b313-4850fc8bf79e,221,8,5639,2,0.000354673,,276,328,231,314,419
36b8dd73-8395-4f49-9f59-6918889e349e,185,3,2070,3,0.001449275,,360,620,599,280,255
7f64b52f-318b-4358-9c49-66b4a5f333d8,198,4,7777,1,0.000128584,,321,528,151,386,491
5a894c30-d342-44b7-8ecd-9b52e5c58f34,195,4,3605,2,0.000554785,,332,528,363,314,368
64ec4826-6860-4408-8150-ba546d69e4b6,346,28,86,0,0,,147,106,999,517,517
5de070cf-a1cb-4a59-9cd9-99900da73927,141,34,659,56,0.084977238,,544,84,844,67,14
a4157f75-4885-4335-b04d-c2729a0ec9c0,117,32,2436,1,0.000410509,,773,94,541,386,397
9dfd4d65-bf54-45f7-87ef-2f3f5da3f3ff,111,1,1244,0,0,,862,859,733,517,517
e0d32287-ffc9-4410-bc67-41c7f6dcda68,224,57,3956,0,0,,269,48,336,517,517
4ad7ffe3-4177-4008-8315-5f7c2f83a9d6,102,2,5208,1,0.000192012,,997,720,250,386,473
516d906f-5f13-450e-a99d-fb21493359cb,1152,70,3543,0,0,,46,34,372,517,517
ddacf18b-e36a-49d2-8825-4627f6de9afe,108,3,2666,0,0,,913,620,503,517,517
cdd3b24a-e010-4e4a-9a1b-30720b417146,134,28,337,3,0.008902077,,599,106,917,280,110
d7606bb5-23b2-4f45-bed4-226a12c1cf66,107,2,29,0,0,,924,720,1019,517,517
6d01744b-192b-4c44-83ca-52fa05abcf14,206,3,403,0,0,,298,620,903,517,517
f4dc2770-9cdf-4926-bc32-968f26dfac7d,128,3,50,0,0,,656,620,1012,517,517
293e062e-e113-4863-98e6-74307574d0b5,138,12,15905,1,6.28733E-05,,563,241,43,386,512
756d7b6f-4b64-4449-897c-5a86ec894369,120,35,10795,2,0.000185271,,730,83,87,314,474
b7826c92-dd79-4039-ad85-4221086216e7,100,7,1827,51,0.027914614,,1025,364,639,74,41
f1b89da0-0283-4166-8a38-726e198a14c5,258,8,1004,0,0,,218,328,782,517,517
8055872c-c8c7-4f70-ba55-986816aea929,110,1,532,0,0,,872,859,877,517,517
737d0b39-accc-429f-8a8a-eff350d42869,142,3,2303,0,0,,538,620,563,517,517
be77829e-51cf-4bf2-a89d-19c258b32daa,161,1,542,0,0,,436,859,873,517,517
45f8903d-70c4-4043-9e22-85264b1310e2,105,1,4021,0,0,,955,859,329,517,517
07d6bba7-aac6-49f5-ad3d-31c65665ef9f,126,11,4610,0,0,,673,261,289,517,517
5ba0a4e2-4574-48b9-8017-9db90040050a,118,2,721,0,0,,757,720,831,517,517
67e00217-b68c-4643-aec0-c194c9ac39f1,179,22,1489,40,0.026863667,,380,144,697,87,44
b75f5f1f-3832-4cb7-9be2-2fc590303e2b,136,6,35,0,0,,580,407,1017,517,517
08e07720-19e1-4ff0-a794-66446f815101,132,7,1203,12,0.009975062,,616,364,744,163,99
b2db1405-3026-4153-97b7-befec388e43a,248,1,302,1,0.003311258,,233,859,926,386,176
cb0440f6-fee3-4451-b137-1a5614805726,113,1,2989,0,0,,833,859,453,517,517
bfd2cb49-bf2b-44c9-9e28-c968abf81ae4,389,14,5036,422,0.083796664,,123,213,262,14,15
29429282-99e7-4f1d-a766-b3ba8fa049eb,22465,13,504356,5823,0.011545416,,6,230,2,1,90
fb9043bd-1629-4a0e-a6a9-9ede78b97cdb,218,14,7396,3,0.000405625,,280,213,158,280,403
4ddeb796-d252-483e-bb9c-262d0026c901,113,1,14886,29,0.001948139,,833,859,50,109,229
2acdd319-11bc-4a1b-b4b5-399420cb9841,114,1,6775,0,0,,811,859,175,517,517
e72ca7b5-020c-4439-a3a3-f3434d8b854d,117,1,26,0,0,,773,859,1023,517,517
cbbfe819-131a-4f03-bbdc-6903a2c7ff88,148,3,5075,0,0,,497,620,260,517,517
bbd3c8c0-973d-4039-ba49-4eed1ab7c3b1,107,2,423,0,0,,924,720,898,517,517
9ffcfbfe-c385-45fe-99cf-3da77670025e,121,1,13217,5,0.000378301,,718,859,61,233,412
dc6dd5da-cae8-4ecc-a204-fb0e3cbd4a7d,132,16,4391,0,0,,616,185,303,517,517
632fc768-a024-440e-affb-33963d05da24,127,26,3080,3,0.000974026,,665,116,440,280,299
bba6adc4-6888-4a6a-a448-441ae410a791,152,8,5311,7,0.001318019,,472,328,244,200,267
fddda100-f8c4-49fb-a6a6-b98071b9b469,237,16,2523,1,0.000396354,,249,185,522,386,405
8224111e-1f63-4eb8-8160-f52883066f6d,121,2,3190,0,0,,718,720,422,517,517
20d3913c-7afa-4db4-bf6a-e4f6e089f5f5,182,4,2447,0,0,,370,528,539,517,517
35edd490-6906-43a5-8c4d-f38ce1faf98d,116,17,949,0,0,,786,176,797,517,517
cf76c284-e8ea-4893-941c-2e419e34048a,115,3,5972,1,0.000167448,,799,620,215,386,482
8c5638a5-54cd-44f0-8dd5-f0c16712bbbf,923,1,4506,6,0.001331558,,57,859,292,211,265
e1996e43-5701-4743-84ff-d764a737a438,2500,458,1966,0,0,,24,2,613,517,517
693d630a-2aaa-4a88-946b-cb33cbfc9d0d,182,21,2676,3,0.001121076,,370,153,500,280,284
c7b7d07e-f93a-47dd-aa68-ff341f1bd7cc,269,4,849,0,0,,207,528,812,517,517
e45917c1-e508-4c31-87c6-dfb16e8ecf20,280,4,8657,0,0,,193,528,121,517,517
782c4124-921c-4ae6-b009-4ef2905696ea,106,3,503,0,0,,945,620,883,517,517
eb52e57f-e2df-4e80-b7ac-4269bb65e112,281,3,16948,1,5.9004E-05,,192,620,36,386,513
604372c7-797c-4913-9aa5-64abb0e58c40,4083,6,964,0,0,,17,407,793,517,517
58d27278-a213-4d63-9d8d-172d0f90acac,762,1,1128,0,0,,70,859,762,517,517
cfb31ee3-c959-411d-98ba-837c9933a3f7,100,21,828,0,0,,1025,153,817,517,517
e0d5b4d7-3626-4e6b-943c-0e1baa78817a,1357,1,1420,0,0,,38,859,704,517,517
4388f64f-adda-44f2-8590-db586d8c08ba,136,25,570,0,0,,580,126,865,517,517
111df356-4a17-47f5-9a42-57b16dbf1820,1105,4,2983,1,0.000335233,,49,528,456,386,425
1bab94e1-12a5-4634-b96f-012f97a258fc,110,2,6129,2,0.000326318,,872,720,206,314,429
70252e9b-a8a5-4f5f-b6fe-bdad72d988de,677,4,3753,2,0.000532907,,75,528,348,314,373
13cb2320-30dd-479c-b1b2-4ea4b785f0b2,215,1,3805,107,0.028120894,,284,859,345,39,39
56d454ad-2a1a-4957-9a26-8ee225630574,148,13,6065,346,0.05704864,,497,230,209,17,23
77ce5ca9-cdc5-45cd-96b3-7d09e52f3609,1929,4,2851,0,0,,29,528,475,517,517
fd86cba0-e92c-4d3e-9c09-8b7101a5ef84,128,16,2448,1,0.000408497,,656,185,538,386,400
40d3e3e7-c9e3-4eed-b9aa-ba38533fa7d9,209,1,2966,1,0.000337154,,291,859,460,386,424
8daa8f7b-e325-4799-88ac-eec368f0ae56,115,2,839,0,0,,799,720,814,517,517
65478e62-d16f-4336-8df0-6504a749eecb,108,2,2734,0,0,,913,720,486,517,517
bce4b313-2ee4-46b9-9819-06768d5b97de,118,19,1680,0,0,,757,162,663,517,517
2d178d11-b75a-482a-95d9-3b3c99ffe6c4,112,15,463,1,0.002159827,,849,198,890,386,219
d58985e3-ac59-4e0d-983c-683c9e269522,134,3,1586,1,0.000630517,,599,620,678,386,355
6cc89473-e223-4a73-954d-988cc04b2626,107,19,3571,14,0.00392047,,924,162,368,150,160
e4f2378a-6616-4fcb-b4e9-c2b97fe503c2,224,36,3633,13,0.00357831,,269,80,360,155,168
9562f492-9084-43b0-82bd-5bc21e60e1e9,116,2,6003,0,0,,786,720,212,517,517
8956c82f-6c17-44b5-8bb4-4c56d82a9a2f,147,5,2261,0,0,,505,460,569,517,517
bfce5d37-f10a-4818-874a-d0694ab47a90,109,3,306,0,0,,891,620,925,517,517
61c56fa1-b37a-4b5c-a789-4e9b67a10225,106,2,175,0,0,,945,720,975,517,517
7440a272-9c09-47f1-96f5-e70df879ec9f,497,4,7986,3,0.000375657,,101,528,143,280,413
28855bf5-0d5e-4eb1-a974-63a721caf167,177,6,1801,0,0,,385,407,641,517,517
ecac4dce-795e-44e8-a8f8-160123ebbba9,135,2,8012,2,0.000249626,,591,720,141,314,454
2b78cd40-d868-4dbd-a8b8-8a746c1ff86e,204,7,3937,0,0,,307,364,337,517,517
3a893088-5924-44e3-adf4-b484978d7efc,100,7,6167,3,0.00048646,,1025,364,205,280,381
822e5053-3db5-4c7b-84a2-3a81881711a1,162,2,6398,0,0,,431,720,191,517,517
59a83981-c553-4899-96b5-9fb864ce2452,187,69,388,1,0.00257732,,353,37,906,386,203
34a0f313-e4df-4b7b-9742-da9bb1ed3fcb,184,69,1508,27,0.017904509,,362,37,693,116,63
e11f4f1d-6306-4a60-ae6a-cdc5f77201a0,346,5,6392,25,0.003911139,,147,460,193,120,161
b2ed6c08-63ba-4336-9be6-d4851cebdb12,104,2,1494,0,0,,965,720,696,517,517
7b6519e7-bde3-4ff1-a81d-6d383901138b,787,4,1578,135,0.085551331,,66,528,679,30,13
48274cb4-728b-4cdc-92b3-4b77391c5d46,139,24,1333,2,0.001500375,,558,132,715,314,253
b5aff46d-3296-4e6f-b502-9ee386434e29,118,1,2356,0,0,,757,859,552,517,517
acdfe293-c70e-4951-96ef-e5960c9e1533,151,1,12514,12,0.000958926,,477,859,66,163,302
6a4ccf38-2022-429d-adc7-152285262dec,109,1,2535,0,0,,891,859,519,517,517
b8215125-2d8b-4330-9aa5-0f6c87a5fbe8,811,10,102574,38,0.000370464,,64,278,4,90,415
5afdb723-a812-4363-b334-657ece6f96b1,151,26,951,9,0.009463722,,477,116,796,179,105
8ca159a8-5418-4c8b-9677-af77306c12b1,133,2,8645,0,0,,607,720,122,517,517
cd5c08dc-92b5-430b-a69b-52dac4925449,123,4,9220,1,0.00010846,,700,528,112,386,502
86942fe0-8a06-4c63-acdb-1de4227cd124,296,5,2329,0,0,,179,460,556,517,517
5903fdda-cdc6-45b9-a0ae-cc042c8ace87,282,1,1395,0,0,,191,859,709,517,517
f00dee90-657c-475c-a96e-784c0eeb30b2,169,3,1682,0,0,,409,620,661,517,517
def85282-d4a5-4fc7-9517-8f533d75c1ea,120,2,12255,2,0.000163199,,730,720,68,314,484
9ee350ef-4ad9-435f-aecc-6f5f071565b5,131,10,182,2,0.010989011,,625,278,972,314,93
8c863532-4ea5-469b-921a-a2ebdd34e85c,144,8,251,0,0,,528,328,939,517,517
84523825-331d-4659-8e7b-9f71e8ac60a1,272,129,2434,13,0.005341002,,204,7,542,155,144
255d9509-895e-4081-a7b8-ca0e070647c2,157,93,537,2,0.003724395,,449,19,875,314,166
5b4a8b3a-af3e-4dff-8623-ca71d42e68ce,108,11,3371,1,0.000296648,,913,261,398,386,440
cc5a0669-a37d-4c88-aefd-f466a4ea5095,200,4,2405,0,0,,315,528,545,517,517
bbd67345-e568-4cfa-87a2-62a64fce5c57,138,3,2763,0,0,,563,620,483,517,517
75f500a0-e2bd-46c3-8ede-f59e4aff8083,149,16,192,0,0,,491,185,965,517,517
e39111b2-4a0e-4ace-9fd8-6e535c174ace,103,13,875,0,0,,983,230,809,517,517
f3bd85d1-f13b-47a6-a0dc-34732fb7ff4f,119,10,751,0,0,,745,278,828,517,517
8f3c0752-daaa-4c31-bce1-07a1bc2da85d,112,1,796,0,0,,849,859,822,517,517
5ad1f533-47ad-4170-8dc2-5e8769eaabdc,109,3,1726,0,0,,891,620,653,517,517
42bb45fe-e6d0-4aba-b644-a5cf034b3082,122,15,7533,5,0.000663746,,712,198,154,233,352
686cfaa4-d4d4-4117-916a-87b0c1eedda7,260,6,270,0,0,,216,407,931,517,517
9dfb7bf9-4a55-4fca-b87c-c364609504b3,134,2,2220,0,0,,599,720,577,517,517
0659b5b2-2095-4feb-98b1-53cf3b74de94,353,31,6496,0,0,,141,96,188,517,517
649fea84-781a-4469-b51d-3ec5232f182f,371,9,1575,0,0,,129,306,680,517,517
023adbf0-991b-4a68-ac1a-84997d26e800,186,5,665,4,0.006015038,,356,460,842,253,136
52879b3b-e569-4f3e-be77-beeaa53fc544,122,2,1062,0,0,,712,720,771,517,517
27189c9e-4fde-4769-90a4-cb4be2f91cef,183,26,1346,0,0,,365,116,714,517,517
39612e1f-e3f4-4bbd-84d5-6ba425c958eb,147,1,8006,61,0.007619286,,505,859,142,64,122
50eed57d-7ae9-407a-a344-ad3e6803e55b,107,1,898,0,0,,924,859,803,517,517
8f357b53-1d2f-49e1-998e-78c6450622bb,108,1,2253,1,0.000443853,,913,859,571,386,392
8025a4d4-16f0-4daf-86e3-968c4ed3b0c2,103,3,2850,0,0,,983,620,476,517,517
3badfc97-d41b-4952-bc09-44d8a0360262,179,14,200,0,0,,380,213,962,517,517
bd74d29d-3d74-4ebe-b5ee-08d6544991c7,114,12,3964,23,0.00580222,,811,241,335,122,139
6931b313-ba3b-4642-ba45-a7f632b65fcd,138,8,717,0,0,,563,328,832,517,517
3e099da9-bb36-4bb0-820a-289c46a6e39a,1620,240,620422,1286,0.002072783,,33,4,1,5,224
b7dabde4-6ab4-4abf-a310-6ce0d8f7b54d,248,4,4424,11,0.002486438,,233,528,299,168,205
046427ec-5b6a-4f6e-b6c1-5d1245bb340d,455,3,2326,0,0,,108,620,557,517,517
0523f889-f0ef-443c-884a-1f36d07deada,229,3,157,0,0,,263,620,979,517,517
37d77aa1-c875-4852-a41d-dd036ddeacb2,119,17,19408,20,0.001030503,,745,176,27,127,290
bae759c4-5289-4c50-b8ec-ac37bd3bfbd3,369,10,1602,0,0,,130,278,675,517,517
9afa1978-4e5d-4509-aab9-9176f3fa6461,129,25,1463,2,0.001367054,,645,126,700,314,263
c4f79680-2905-4fa3-9e84-371ea52c4e13,132,1,37,0,0,,616,859,1016,517,517
16ba344e-fdc3-41eb-8e1d-d32f6d3efc04,133,16,611,0,0,,607,185,857,517,517
48978780-8e04-446d-85ea-48a48b3c2b24,238,2,228,0,0,,248,720,949,517,517
21ca1414-7667-45af-9774-d11b2c2abcf5,138,6,361,1,0.002770083,,563,407,913,386,193
3023d8b1-f8b0-46a4-9e28-455f854d1059,114,2,256,0,0,,811,720,936,517,517
0c58cbee-b174-4c37-a71d-26a6fcd768ac,112,1,894,0,0,,849,859,804,517,517
c12a7124-c1d3-4796-98b4-28fd972adca1,115,1,2916,0,0,,799,859,466,517,517
3fcd53b7-2ce0-4184-8838-7b2c1094bebf,119,7,1215,0,0,,745,364,738,517,517
7b8ced2f-527b-428a-9863-fda53c7ca07d,114,2,4501,0,0,,811,720,293,517,517
5971d4db-e944-4ec6-8c6c-bef8cb1b9087,329,14,2726,9,0.003301541,,157,213,489,179,177
738dc401-6778-40ea-99c3-0ee1f18d86a0,100,7,2844,2,0.000703235,,1025,364,477,314,345
1944f480-5948-4596-b75a-6e1c802b4f4d,149,2,229,0,0,,491,720,948,517,517
be5824b3-e9be-4dc6-856a-0a9e98845f15,115,2,4029,0,0,,799,720,327,517,517
f1348833-3407-4975-8fe7-b104449bfc2f,118,3,1412,0,0,,757,620,705,517,517
b744c3b9-6a54-4b19-bf45-ea72668823a5,128,2,3237,0,0,,656,720,413,517,517
b34ce89c-4cd8-4b5e-b2af-d1536d0b44f0,175,2,1785,0,0,,393,720,643,517,517
945247a9-6aab-4d02-a5cf-26483f078281,243,13,2511,0,0,,241,230,526,517,517
da8ad79c-3d44-4ee0-831f-4860a97898d0,114,52,2604,2,0.000768049,,811,52,509,314,332
e5818be6-ccb7-4649-8500-3cc68911fd96,2531,117,13536,2,0.000147754,,23,11,60,314,485
9b97fd3f-f1e8-4018-aba5-f9194df92312,125,6,1967,1,0.000508388,,685,407,612,386,376
70ab8215-f4b0-45fa-b4bb-7b96204cbcdb,118,2,54,0,0,,757,720,1009,517,517
870bc0e0-e369-4a4b-a825-557ca07984b6,140,1,686,0,0,,550,859,839,517,517
2265b0d4-eae9-48f1-83ff-7e31e6d36cd7,428,12,2637,0,0,,114,241,505,517,517
6e5d4640-7614-4a46-a64c-4f59d2365093,477,11,18372,19,0.001034182,,105,261,30,132,288
56acf8a5-af48-47f0-945e-41457591688c,108,21,5996,0,0,,913,153,213,517,517
bec95ca6-3723-4f25-94f0-636a5662b38f,196,14,3616,1,0.000276549,,331,213,361,386,448
da6fff8d-dffe-415c-bdb7-afeee824d400,251,7,15926,48,0.003013939,,227,364,41,76,187
3d6435d3-be18-4ecc-87bd-8d35bba0797a,808,11,1152,2,0.001736111,,65,261,756,314,242
43b4c1eb-6cdd-4692-87f4-beb766796d88,248,2,7491,2,0.000266987,,233,720,155,314,451
0a9141d9-08b2-45c5-a4de-dab41419dd27,195,4,481,1,0.002079002,,332,528,886,386,222
aeede370-63dc-4d6a-80e0-4b9dfa82431d,308,14,5265,4,0.000759734,,173,213,248,253,334
a7bb0bf2-a9ab-44a7-ae7b-639519aaaaa8,150,2,2484,0,0,,483,720,531,517,517
03797a34-2d8d-4330-a025-d59077304c15,197,11,3294,4,0.001214329,,325,261,405,253,278
627e989d-37cb-4517-9193-2dffaca8661b,235,16,3417,26,0.007609014,,254,185,390,117,123
0e3a2750-b48c-4bfb-91f5-5890e20d0fe5,145,22,5332,149,0.027944486,,521,144,243,27,40
b548f1cf-78c6-42c2-80b0-e01a94ff9e20,220,22,4910,14,0.002851324,,277,144,273,150,191
fb14719d-30b8-481d-80fd-9ec350d939c0,273,7,9778,8,0.000818163,,203,364,99,191,321
41422ae0-9bd6-420a-b9ec-cd47a35f8440,5097,23,18736,23,0.001227583,,15,134,29,122,275
0a13cdd1-8498-44c4-8b64-a3a22353ddb6,132,6,2095,64,0.030548926,,616,407,593,61,34
d84f7ac0-c94c-49b4-aa0f-d5e5776d1a04,212,26,1271,1,0.000786782,,287,116,729,386,328
c2309999-7b72-4212-a3b3-5c602a57aa26,123,6,1919,0,0,,700,407,623,517,517
b9627a6b-e09f-4114-a52a-705512c24d4d,176,5,2493,2,0.000802246,,390,460,530,314,325
c1cfdf37-0224-4c16-8402-7e1537530f07,107,1,29,0,0,,924,859,1019,517,517
320a7361-2389-4112-874e-30a2c8e8187c,180,4,1707,4,0.002343292,,378,528,656,253,208
f96e5a1e-9e20-48a5-9705-ca596b799510,110,27,2796,0,0,,872,112,479,517,517
853532a3-8a8c-4502-8c76-70417ef7f7b5,101,4,2126,1,0.000470367,,1007,528,590,386,385
99c056d2-5392-47bd-a719-52008dde964a,185,4,3435,0,0,,360,528,388,517,517
bb583c0a-4c12-4e14-afe2-235b8e8e1cc8,119,2,702,0,0,,745,720,833,517,517
7b98937f-3cad-4399-8600-c5ad3048837b,357,5,2374,9,0.00379107,,137,460,547,179,162
15bfac93-6078-4c11-a1b5-4f47a8b0c5ff,113,1,491,0,0,,833,859,885,517,517
50411c27-5bbd-4545-ba72-3583d774ad1e,209,17,2411,3,0.001244297,,291,176,544,280,273
e8552bb9-55e9-49d8-a70a-e2f5b751c3da,312,6,13652,8,0.000585995,,169,407,58,191,363
773b7ee9-52e1-4624-993a-17af6daf86e5,129,7,213,5,0.023474178,,645,364,956,233,49
62e3deeb-05b6-4fb5-84a8-ccfa127ddcdd,146,3,2673,0,0,,515,620,501,517,517
ddb2ccf7-8b8e-4b04-afb5-30dd858b507d,145,3,1656,0,0,,521,620,669,517,517
2797cb22-884f-4b0d-829e-ae83f626a3be,155,3,12845,0,0,,459,620,63,517,517
eb063947-d7a9-4e4b-a036-6d7788117cb7,144,2,384,0,0,,528,720,907,517,517
bdab8d01-d4d4-4e94-a4d7-2fb97ec619d8,111,1,3059,0,0,,862,859,444,517,517
7d5e972b-25c6-4398-9872-f7253b8ab6d3,1799,9,4664,0,0,,32,306,286,517,517
d95cd0a0-56ad-465d-adbb-a98fd6c96cca,193,6,607,0,0,,340,407,858,517,517
09aacd40-efb9-45d6-b1ca-b2e8635ebb22,159,3,2129,0,0,,443,620,589,517,517
15be9a38-6e89-44db-a093-96a5e80ba568,183,5,1312,0,0,,365,460,717,517,517
79ea5362-1c9e-4f4b-bac5-bbf711c18e67,131,1,4812,0,0,,625,859,280,517,517
26ee76a0-ca34-4efa-b4ce-4ff2c14fe525,144,9,35,0,0,,528,306,1017,517,517
1b800591-bc3b-4e21-9c9c-68e57ffe0bc1,112,1,336,0,0,,849,859,918,517,517
2d758a7b-a32a-457e-b903-304b0bbf4492,271,2,1689,2,0.001184133,,205,720,659,314,280
77804015-fb8e-43c5-8b67-70af9df06d32,138,3,6390,0,0,,563,620,194,517,517
80d91ca2-5c1a-4b95-a84d-30f93b5cff35,101,6,263,0,0,,1007,407,935,517,517
54de2062-130d-4d47-b89f-07169f2fe7b4,2757,4,271,0,0,,22,528,930,517,517
3f0561ce-a240-4c79-8077-027063166cac,166,7,8878,3,0.000337914,,419,364,117,280,423
79226f14-7e6d-425f-b871-c72347f810d9,113,1,2723,0,0,,833,859,490,517,517
435d962e-133a-4ee4-8bb9-b1e748703d3f,101,16,2476,26,0.010500808,,1007,185,532,117,96
51db0f16-1434-464d-9a5b-fc9a8ceb9ceb,223,2,9700,0,0,,272,720,100,517,517
5f0c34d0-96d7-430b-a692-ea2ebb403ed8,175,5,4887,10,0.002046245,,393,460,275,172,225
6f88829b-7dcd-4882-98b7-c0b883a73589,115,16,3994,4,0.001001502,,799,185,332,253,293
a6fbd217-84fb-4a81-acc4-2003d7f28f60,155,4,547,0,0,,459,528,872,517,517
113ce601-3aad-4d00-b335-8d6129564ec2,462,10,6120,3,0.000490196,,107,278,207,280,379
61e4441c-131f-4feb-9bc7-518f3022fac2,277,6,8626,0,0,,196,407,126,517,517
ef44b647-6e3e-4a27-8d6c-652c064b8f2c,120,3,1244,4,0.003215434,,730,620,733,253,181
19e65cf5-42a2-493f-a8ce-d53b79ebb592,335,2,524,0,0,,155,720,880,517,517
f5939024-e6aa-4486-be12-90248573d77f,101,1,7977,0,0,,1007,859,144,517,517
21212804-0754-49dc-b94c-0be2605d8e5f,546,31,140,2,0.014285714,,87,96,983,314,76
ffb4a2bd-79ba-4b00-87bf-3f8f92b766a5,102,2,1015,1,0.000985222,,997,720,780,386,297
ea533cb0-eef3-4b55-b175-69737173df99,124,5,4467,1,0.000223864,,690,460,296,386,463
d585c1fc-9f94-4d83-a89f-0e9ca7c4047f,3594,3,3226,0,0,,19,620,415,517,517
f6aefb7a-2f25-4164-938e-e9da30becd5c,181,2,164,0,0,,375,720,977,517,517
2b2e976f-279e-4836-a52e-9241b5c2c716,125,7,18342,0,0,,685,364,31,517,517
5552d5e5-52f2-4992-884e-2076845d4fcc,129,20,3480,76,0.02183908,,645,159,382,54,53
0d3c27b5-adc6-421e-b95f-c52350678421,149,14,799,0,0,,491,213,821,517,517
40b4baa2-270f-4d98-b47a-d6c95695a0d7,296,52,3390,0,0,,179,52,394,517,517
ceeebe6f-5618-4f1b-a000-2672da242d22,236,29,3486,3,0.000860585,,251,101,380,280,314
81492426-d7f5-453d-8926-e88a537456c2,107,7,1517,15,0.009887937,,924,364,689,146,101
3e5ea181-a0af-4bfd-8dfe-58dd6156b471,157,6,3918,5,0.001276161,,449,407,339,233,270
a827fd35-29f1-4c1b-89e1-a991664b131f,154,1,1944,0,0,,464,859,619,517,517
8f9fa2c8-6718-4c9c-9b7e-84d4ef07f867,356,46,4498,635,0.141173855,,139,61,294,10,9
268ebb08-fc59-4596-86c5-589ad3569587,143,11,6210,9,0.001449275,,534,261,204,179,255
d334662e-bc03-482f-8b97-e57537c50040,109,1,7080,2,0.000282486,,891,859,166,314,445
912280ff-ec70-4a07-b192-508e6b7253b7,134,12,15028,5,0.000332712,,599,241,47,233,428
2cde389a-ef97-4a8d-ae56-87b423a46336,137,2,5304,44,0.008295626,,574,720,245,81,116
c0acc93e-3e22-4f9b-9c77-05e9995e2959,304,132,2132,1,0.000469043,,177,6,588,386,386
c872f85c-bf53-42b7-b247-d01aa5da0511,175,6,3373,0,0,,393,407,397,517,517
bd645b2e-baae-4bcd-bd83-2b0b022ed729,198,3,1150,2,0.00173913,,321,620,757,314,240
b2eef065-d7f1-498b-8d42-a0c58d50434d,132,8,4329,0,0,,616,328,308,517,517
b77139b4-7a25-4568-a15e-46d2f752e640,195,9,3480,2,0.000574713,,332,306,382,314,365
1ced69d9-2247-4286-b867-7784ea3b69d9,142,7,18833,52,0.002761111,,538,364,28,70,195
e7505d7f-ad03-4e74-8440-19791d685c0e,547,11,13573,35,0.002578649,,86,261,59,93,202
f5094415-2aab-4d75-b229-33d5ae0f1d63,130,3,5906,0,0,,631,620,221,517,517
439de1a0-3c43-49a0-976a-5da660de3773,208,7,6533,0,0,,295,364,184,517,517
10ce39b1-a143-4fae-bf8d-3827a98a18b4,142,5,10521,20,0.00190096,,538,460,91,127,231
e7cdfe17-84db-4b9c-89fa-9f85b94e42c7,112,2,6958,6,0.000862317,,849,720,172,211,313
2f422feb-d4e9-41b6-b3c7-e16eff855e88,127,2,4745,2,0.000421496,,665,720,282,314,395
7b397d80-7086-4970-9f2b-e50c79064b64,109,1,46,0,0,,891,859,1013,517,517
34077eb0-dc6f-4035-be70-8b06e75b7b7a,159,2,3494,0,0,,443,720,378,517,517
6c059d9a-fa52-4711-89b3-f9a5f6cb6942,136,41,4079,0,0,,580,68,324,517,517
2025715f-2b71-4ba3-9525-1e948436f7a4,105,7,1452,2,0.00137741,,955,364,701,314,262
ae3f6aca-c141-4d92-ab65-7bb181f5e1f9,112,3,31625,1,3.16206E-05,,849,620,14,386,516
46c033f1-41ee-47ba-99f9-9eaedf96dd41,102,8,9292,2,0.000215239,,997,328,110,314,465
6f0d059a-d158-43d2-a53b-e04fd84a9cce,110,13,208,0,0,,872,230,959,517,517
5d4e27eb-aa0a-4c2f-b219-61abb87c4339,126,3,1554,2,0.001287001,,673,620,685,314,268
323ce54f-c1ae-4335-95da-8648463b1ca9,394,3,2242,2,0.000892061,,121,620,572,314,309
d028c63d-98a4-4434-ae47-e4b8e40526c4,121,8,17091,68,0.003978702,,718,328,33,59,157
bad526b7-4303-4edb-a066-332d966be633,197,10,81,0,0,,325,278,1000,517,517
1a274367-de1a-40b7-8cda-5d5f697b1ec5,1141,4,112,0,0,,48,528,989,517,517
c233df0b-21ba-458d-8ac6-6c440445636d,136,8,3257,9,0.002763279,,580,328,410,179,194
b16a14d2-cc68-46f9-86be-839840b9eee6,154,9,2191,0,0,,464,306,581,517,517
c864eb01-9f29-4144-ab9c-fe9e2c0332bf,141,2,3548,0,0,,544,720,371,517,517
9749155c-f2d2-463f-9817-67d57e456a99,117,3,4113,0,0,,773,620,321,517,517
927673e0-c733-4b1c-bfc8-5d911842d782,186,1,89,0,0,,356,859,997,517,517
524698d8-6b84-4e1f-a09f-9a759f315e88,111,1,311,0,0,,862,859,923,517,517
2fd8e99f-4d90-41d1-8cb2-9c3bff173b38,201,19,12814,773,0.060324645,,309,162,64,9,22
26bb2565-11a6-49a8-a102-cf0e90ffe1df,107,3,3186,39,0.012241055,,924,620,423,88,86
517990c3-bc20-43d3-898d-2847bbb8973f,1588,4,188,0,0,,34,528,970,517,517
61156a22-2340-4203-8b92-0ef8e45f0fee,115,78,1997,18,0.00901352,,799,27,609,135,107
33504793-5d8f-4a7f-be7f-e18553c94d11,109,30,3203,41,0.0128005,,891,98,419,84,82
b112ef04-588f-4892-89e4-95dd0eaad877,126,39,2342,98,0.041844577,,673,72,554,42,28
791d1923-498c-4350-8eb2-54209f0c318c,120,1,977,0,0,,730,859,789,517,517
3e81e79d-64c6-48d6-9800-28a3cefc69ca,103,5,1476,0,0,,983,460,699,517,517
1fd7fe63-022c-4b1b-a786-db5cdee5ca2c,340,3,12193,5,0.000410071,,153,620,70,233,398
792676a4-48e3-4ebb-88e9-d226a5c78a70,177,2,6654,3,0.000450857,,385,720,179,280,390
8a8d87ca-1fb5-428d-8e04-b2f9ec410845,124,23,80501,1320,0.016397312,,690,134,5,4,69
dbc9f084-8fef-4a74-a875-a8d6b25e9fc4,184,38,813,0,0,,362,76,819,517,517
f1d28c49-19e5-412a-87aa-6310c1ebe991,222,134,695,1,0.001438849,,275,5,835,386,257
e7a34e61-4885-4370-bf57-db8ef4efc712,1303,6,1015,4,0.003940887,,39,407,780,253,159
0e237c17-bc10-4523-8087-b9928a0356ea,108,5,5458,17,0.003114694,,913,460,237,142,183
d29cc08f-4927-4c6d-8b31-2547f0a808da,144,66,1282,14,0.010920437,,528,40,726,150,95
d53c47c4-e82b-481f-8ce3-e75f7f241885,123,2,3454,1,0.000289519,,700,720,386,386,441
a365256c-9a92-4d9f-8ad6-cfeae3b15268,696,2,3694,2,0.000541419,,74,720,352,314,370
d5fbbac9-c96b-4395-ad1e-0292c6f1a749,231,24,10717,209,0.019501726,,259,132,88,24,57
198044dd-c843-4c6e-9afd-bdf2bb4456c8,251,1,2365,0,0,,227,859,549,517,517
e8281516-9106-415e-887a-7e167f44dbf4,128,2,3688,32,0.00867679,,656,720,354,99,113
ed58144d-d56d-4052-86c0-26c957b30319,7165,6,97,0,0,,12,407,994,517,517
63ff3064-31bb-4a8f-85e5-fe20e76f878f,206,48,23408,5372,0.22949419,,298,58,20,2,4
5676c654-dd0c-46c8-89e7-35e8e4e180a8,110,1,595,0,0,,872,859,861,517,517
5994cb74-6106-4bf7-9b66-84219edd4b84,126,2,6347,0,0,,673,720,198,517,517
0c3c5189-30bb-4885-93a0-3ac0d772dcd7,103,4,17015,2,0.000117543,,983,528,34,314,496
36013027-4892-4422-84c1-cb8703f2ff3f,210,12,1192,0,0,,290,241,748,517,517
804b6e5c-f618-4b2c-8992-4c83c8caec1e,783,3,15,0,0,,67,620,1026,517,517
a43c0fff-682e-4c52-b391-c86027759af3,137,9,6336,87,0.013731061,,574,306,199,50,78
da03b7a6-5a40-4319-8ee2-df62fce40fe3,138,8,240,2,0.008333333,,563,328,944,314,115
e25e896d-f405-483b-b24c-92612bd10a20,113,2,1661,0,0,,833,720,667,517,517
882e61a3-7a81-4a76-836b-60b4763a6cdb,104,12,5056,3,0.000593354,,965,241,261,280,362
eb8d5894-cb6a-4e9c-bf42-200ccf6de95b,101,2,5014,1,0.000199442,,1007,720,266,386,471
ed817b4c-501d-463d-baf9-b41026e33b1f,110,1,4675,0,0,,872,859,284,517,517
18c173f6-c1fb-4f87-a30f-7d4c871b9bf5,126,5,2709,3,0.00110742,,673,460,495,280,285
1e5f4d20-6de4-4147-afd0-9cf5ede494c8,114,3,14,0,0,,811,620,1027,517,517
84a23b35-5360-4a57-8660-effcdc7a63db,815,1,1036,0,0,,62,859,774,517,517
774e2639-10de-4a57-9bc3-fa3adf6cfa8e,346,2,204,0,0,,147,720,961,517,517
668de083-294d-47e9-8f51-1e6826f66892,114,1,1147,0,0,,811,859,760,517,517
dd0baf53-3f9a-4f09-82e4-c5de13bc6ec9,107,2,2733,0,0,,924,720,487,517,517
09eea201-6ff1-4465-a1ab-7f9ebff7f168,166,39,2010,0,0,,419,72,606,517,517
2885bf26-fbe4-4c3f-8f42-63d15eda147e,124,2,3098,0,0,,690,720,437,517,517
a32346cd-9c9b-40c1-9c76-c757d6df02f5,109,5,15923,0,0,,891,460,42,517,517
888ab997-fe13-4e9e-aea4-1b913e9e2c1d,124,2,29,0,0,,690,720,1019,517,517
1db189fa-fed2-4609-b770-8ded32e1f34a,385,102,6562,1158,0.176470588,,125,17,183,7,7
760c92fd-0262-46d5-879a-9ddbc46dfee1,455,6,8906,137,0.015382888,,108,407,116,29,72
9999a9e0-d80c-4c9d-aa69-bb4c1f2ec282,113,17,5364,0,0,,833,176,241,517,517
0404c370-c86d-43db-80b6-f104caa25a80,126,28,4564,0,0,,673,106,290,517,517
f9b6466d-3d1c-4cb0-ba6b-c3f7f962c5b5,129,1,2521,2,0.000793336,,645,859,523,314,327
1c4bf7d8-b1e1-4fc8-8329-0f672a2cc258,148,60,2546,47,0.01846033,,497,45,517,78,62
08051a62-9e33-4232-b54a-168100742c4c,150,6,3906,5,0.001280082,,483,407,340,233,269
878097ae-c68d-4f32-9efd-d4cbdf2f9041,153,8,1681,1,0.000594884,,468,328,662,386,360
7450adc2-df25-4dbc-b278-0568cc8d04b7,206,7,7047,0,0,,298,364,168,517,517
33edfa9b-791f-4af5-b18c-b4dddb1288c2,121,15,2614,71,0.027161438,,718,198,507,57,42
45a23604-8825-4bdf-aea9-ea9e62afae14,112,1,618,0,0,,849,859,855,517,517
5df7d4ab-05ba-4c6d-8dcc-666cacf1e135,109,4,237,0,0,,891,528,946,517,517
9e6dda59-7ed8-4999-8f4d-6d3df39692a0,195,12,3067,1,0.000326052,,332,241,443,386,430
c7e6d021-e8dd-4e49-a4c8-b339a4998663,832,3,1,0,0,,60,620,1034,517,517
7e3b4ffb-c282-4efc-913a-ffe74177f3b5,356,43,42715,97,0.002270865,,139,65,11,43,213
8c503ec7-5c7d-4da3-afe6-37d22ec8a949,109,1,3483,0,0,,891,859,381,517,517
beb86245-4bea-4c59-ab5b-2497b2b30f8b,107,1,589,0,0,,924,859,862,517,517
942f8eb2-1e8e-4c95-ac51-926dfaa34ff2,105,6,4612,0,0,,955,407,288,517,517
a958ced2-2622-4b6f-b694-7dab3965e2de,195,27,2470,0,0,,332,112,533,517,517
e8ff3e31-073e-4a8b-b568-de842272bcb5,150,5,6565,15,0.002284844,,483,460,182,146,212
fc2cd5c7-7222-43e8-81e5-c9626ce4f0f6,157,8,1271,1,0.000786782,,449,328,729,386,328
f2095707-c6ed-439e-ad7d-75516105b190,110,9,1849,1,0.000540833,,872,306,637,386,371
60b16cea-82b5-4802-98c7-2944382794ed,104,62,2200,0,0,,965,44,579,517,517
7545c9bd-d379-441c-ab94-b9821a21acb3,103,2,384,0,0,,983,720,907,517,517
34de70b2-25c9-4920-bf28-75d250c0d8e5,110,3,2954,0,0,,872,620,461,517,517
3210d896-5b12-4f09-8d56-43b093cd6ae8,292,121,26874,95,0.003535015,,185,9,17,44,170
607cb664-5aec-4385-8ee0-e336b3f61706,108,19,5033,7,0.001390821,,913,162,263,200,261
379112e5-a10e-45ce-80d6-f1b031cd816b,142,6,1172,16,0.013651877,,538,407,754,144,79
67f61b7d-423d-48f1-a41b-b54e44a0783a,120,3,4882,3,0.000614502,,730,620,276,280,357
39ba3b2e-b11d-4861-99f8-fcf7ba02b436,126,10,275,2,0.007272727,,673,278,928,314,126
10dbc6bf-d966-45d3-af0b-aad896b83d71,188,20,28964,78,0.002692998,,350,159,15,53,196
d0f79556-fd74-415d-891c-7678614efeb3,136,4,8631,1,0.000115861,,580,528,125,386,499
d76356d7-243b-4b27-b0ae-b7cc5b732bb6,103,11,44,0,0,,983,261,1015,517,517
43197ee1-126a-4197-b655-2d40ca22baf8,223,1,2194,0,0,,272,859,580,517,517
a961985f-8707-46c2-8c0a-fc24c3134f22,104,26,4436,6,0.00135257,,965,116,298,211,264
3153e2dd-d758-43be-8e7e-44f609af86c0,103,4,7006,4,0.000570939,,983,528,171,253,366
f5eb5af2-fe04-47d5-aba4-2d7cf761351f,104,1,3274,4,0.001221747,,965,859,408,253,277
28ccd76c-ba80-4824-b883-62146fd54800,365,1,2312,0,0,,134,859,561,517,517
314af0eb-fd2c-449a-a1a8-4d929b4e7334,436,2,441,0,0,,111,720,895,517,517
516c0bd6-8310-4120-90e5-7aa2625334db,183,11,213,0,0,,365,261,956,517,517
b3c80738-4d9c-40b2-b463-b7dd0024770a,137,22,11193,2,0.000178683,,574,144,81,314,476
a2860320-2a4c-4d7b-b659-d9b113a59b48,192,5,3753,0,0,,341,460,348,517,517
63b899cc-f234-424f-b3cc-2971ddfb9345,198,5,211,0,0,,321,460,958,517,517
6650350a-ab70-49e3-8078-ec5b241d2571,110,3,13868,1,7.21085E-05,,872,620,56,386,511
6247e32c-f923-46df-bfd4-b3f7f58fb8d1,294,8,2700,0,0,,183,328,497,517,517
d1b98743-8de5-4a1a-932c-790d7a49e4ed,126,5,67,0,0,,673,460,1005,517,517
ee5d15c8-2960-4eaf-ba62-c68797626722,163,3,15600,0,0,,426,620,45,517,517
8092c0af-9fe6-4801-8ee9-8dd1bb1c83d5,112,2,4308,412,0.095636026,,849,720,311,15,10
ef178219-6569-45dd-93bb-3926d11d13f0,254,50,2047,0,0,,222,55,602,517,517
e96bbba8-b860-4f3a-b0ea-8e462cc56f75,241,6,2673,0,0,,243,407,501,517,517
702f419e-cd3e-43eb-b798-d76f526fc0fd,1204,2,2242,1,0.00044603,,42,720,572,386,391
fb8797da-d602-4c90-977e-ddcd7e17b371,16218,11,1034,35,0.03384913,,7,261,776,93,31
c6d1a709-7a24-4cda-a7c4-499f58a2fb1f,129,3,9123,0,0,,645,620,115,517,517
14cd776b-3e32-442b-ac11-db4d2ddfa74c,108,1,5284,2,0.000378501,,913,859,247,314,411
acd6599c-54fd-4585-9465-2584ee8e54a2,274,4,1383,0,0,,201,528,710,517,517
f41e539a-da3b-4f05-9342-c17f92292a54,228,2,115,0,0,,265,720,988,517,517
d5f33300-204a-46b1-a5d4-a01631073c2a,130,17,5925,45,0.007594937,,631,176,220,80,124
199ae3f3-2000-457c-932a-2e3841c05174,131,3,646,0,0,,625,620,848,517,517
996df0b1-5eb4-4f85-be90-b89a79ebd933,200,12,8207,22,0.002680638,,315,241,135,124,198
31dc8551-7a6c-40ea-945b-30f5c1006cf2,326,5,1570,0,0,,159,460,683,517,517
425b4316-959e-467a-95af-381b9dfcf464,130,10,1608,6,0.003731343,,631,278,672,211,165
d6d19b1d-a812-48a7-ba17-b95fb839bb7b,152,9,1605,0,0,,472,306,673,517,517
964ba83f-7ce3-48b3-8ea8-fddf2214d4cf,1182,8,6594,118,0.017895056,,45,328,180,34,64
5b979739-b53c-431f-bc22-91a43357b635,113,4,4396,0,0,,833,528,301,517,517
0d547b98-1324-46fa-a80c-e687eace63f8,116,5,3517,0,0,,786,460,374,517,517
68f86c99-98ca-42b4-8276-ac5c0502d25b,145,10,206,1,0.004854369,,521,278,960,386,148
38bbb09f-3c6c-4492-b503-69f1a63da687,130,4,9684,9,0.000929368,,631,528,101,179,306
8cba32f3-6716-49fd-88e7-029f48c8064b,1955,12,513,1,0.001949318,,28,241,882,386,228
074d27f9-b036-41aa-8870-1a52d9904e34,253,19,3255,18,0.005529954,,224,162,411,135,143
005016df-4fc0-43e7-8230-0488f6cb2b39,241,1,11110,1,9.0009E-05,,243,859,85,386,506
56274de6-141c-45ea-9af3-1feaa087661c,239,7,2589,57,0.022016222,,247,364,512,66,52
f30e0185-f4ee-4cc6-a26a-a3c5ceb8eda1,126,1,538,0,0,,673,859,874,517,517
61f15fbc-15fa-460d-afb5-51ec469a2dbc,163,15,134,2,0.014925373,,426,198,986,314,75
76d6659f-1a30-41b4-bead-8485d9938e60,175,109,5292,20,0.003779289,,393,13,246,127,163
45faee51-6ce8-4d72-8217-f305e06805d8,778,6,647,2,0.00309119,,69,407,846,314,186
1f0f2f14-4d28-4592-ba17-e39455305a3e,526,4,1667,29,0.017396521,,94,528,666,109,66
493937d7-f563-49d9-8654-0b04dc065511,176,22,2699,1,0.000370508,,390,144,498,386,414
231774ed-cef4-40a0-9fce-be82a1f26ada,107,1,639,0,0,,924,859,850,517,517
c92906ca-d2a1-4cc0-9323-abb639de166c,214,15,4960,245,0.049395161,,285,198,269,23,25
16efdc02-79ac-4d56-8012-bcd9a62a5d6b,155,6,10052,0,0,,459,407,98,517,517
8efd5155-6db8-48a3-8cfc-1ef1eed1c141,252,3,462,0,0,,225,620,891,517,517
07f97c98-38ea-457b-9552-78da9a4d2a91,119,19,5152,35,0.006793478,,745,162,255,93,127
750859b1-99d8-4ee2-8ca0-c9e308938f9e,112,11,5180,2,0.0003861,,849,261,252,314,408
8ad8e3cb-053a-4cbf-b98b-618cbf39fbc0,348,1,68,0,0,,146,859,1004,517,517
31382a7d-e6ac-4682-a895-a2fe69a15b17,149,33,2547,2,0.000785238,,491,90,515,314,330
2ac60a87-b09a-4acf-8bbc-770c5ec52cd5,109,2,1347,0,0,,891,720,713,517,517
abe96b68-a873-44b3-8e4b-0f98ae15e861,115,1,3691,0,0,,799,859,353,517,517
1e653f3f-c1f9-41b6-987f-bb384e0fd027,101,5,9201,1,0.000108684,,1007,460,113,386,501
feeec347-59f9-4eed-81e3-9736565ef650,109,9,1784,0,0,,891,306,644,517,517
4778c4c1-3d19-455e-915f-185471d49da3,109,3,241,0,0,,891,620,943,517,517
406e2f00-edd5-457f-a204-aedf4b04fc81,116,1,5090,13,0.002554028,,786,859,259,155,204
184ae369-0de2-4d6f-a0a4-33ec2748baf9,1043,3,1294,0,0,,50,620,725,517,517
018293d0-c56f-445d-87d2-5ff07af6c29d,163,2,9349,0,0,,426,720,108,517,517
cc4a1e2a-6a70-4097-b3e9-b8a6758df037,280,46,4208,0,0,,193,61,314,517,517
b3b22074-b280-4ad4-98b7-83ea4b5dc862,393,2,10221,5,0.000489189,,122,720,95,233,380
c4324e10-1c49-48c7-bf14-0fae7a641d26,131,9,192,0,0,,625,306,965,517,517
70a58c59-dd85-4621-b439-6dae6e19ac86,119,7,192,2,0.010416667,,745,364,965,314,97
c53caf0a-ec9a-4737-b100-b209a8b85121,114,5,6469,3,0.00046375,,811,460,189,280,389
beadd3f8-3690-4aa4-a8d9-24dcfc273829,170,8,20552,13,0.000632542,,408,328,25,155,354
5fc6b2ff-54c6-4a4e-a053-87f54242372e,147,5,1792,0,0,,505,460,642,517,517
f508a14d-a21c-4e6f-873c-0368657ff7d9,160,4,5120,3,0.000585938,,439,528,256,280,364
efe41099-53c7-4364-9520-1001d95c924f,137,4,4657,1,0.000214731,,574,528,287,386,466
361fa0dd-bfa0-4f70-8b4e-3e9ec2456abc,132,10,20658,2,9.68148E-05,,616,278,24,314,504
ec764f4b-8deb-4af8-ad50-754d28cbe1f1,132,7,15997,68,0.004250797,,616,364,40,59,155
4c77d81b-9816-452a-bb33-0445fec887a5,145,14,1881,0,0,,521,213,629,517,517
aa039a0b-9abc-4695-b9fc-dec322f231d0,367,10,180,0,0,,131,278,973,517,517
8708b2f2-d180-44b7-bcb0-59cdb88ce8d8,129,4,5001,1,0.00019996,,645,528,268,386,470
f075d0ab-88ee-4a2f-ae20-aa0008d0929b,319,6,1867,2,0.001071237,,164,407,633,314,287
6bb4513e-95d7-48e2-a22d-8df3c1ed2347,111,14,585,5,0.008547009,,862,213,863,233,114
95712e26-74e1-46f5-92fe-ccadc097b7ad,118,2,357,0,0,,757,720,914,517,517
e66df19d-ee41-4ec9-943d-e14518c76354,107,5,4100,3,0.000731707,,924,460,322,280,338
ba7b977d-ba33-4084-9a81-b7666ec2d414,116,2,800,0,0,,786,720,820,517,517
be1204d7-9004-4283-bb7c-e0a0bc085498,192,5,7691,16,0.002080354,,341,460,153,144,221
aff3eb8d-78d6-4e18-97dd-978f57b3163f,121,1,1195,1,0.00083682,,718,859,747,386,320
ea2d86b3-4165-4c67-9c71-1cd7340f89b2,133,5,2717,6,0.002208318,,607,460,492,211,215
03d1ba89-67dc-4c02-a2ae-b3334348ca27,113,1,1204,0,0,,833,859,743,517,517
1388571d-6dc3-4bbe-9a1a-77db151505ba,324,2,1604,0,0,,161,720,674,517,517
4ece4585-f58d-41f5-a12d-5f34c0dbcab4,454,2,2396,0,0,,110,720,546,517,517
6235bf63-560d-4c7a-8e1a-ace89d800cdf,194,48,11314,42,0.003712215,,338,58,78,82,167
4400db53-2f55-4ae0-91b5-e3ee25630de1,245,6,1198,6,0.005008347,,239,407,746,211,146
2b5d65a0-917f-4878-94a8-72fb2f17e24a,138,57,3019,31,0.010268301,,563,48,448,101,98
02796f0e-9232-4bd0-8747-3f63cebb5df3,150,1,637,0,0,,483,859,851,517,517
63787580-9a04-44ad-a04f-4e72595c0c5a,126,10,442,0,0,,673,278,894,517,517
a9fde263-d914-4555-83fa-777324f86890,157,107,1530,4,0.002614379,,449,14,687,253,200
0c835451-0970-4fa4-8713-24d000789eeb,266,2,2076,2,0.000963391,,210,720,595,314,300
61a74acb-04a6-41d1-beed-c968ee56909e,296,6,2460,1,0.000406504,,179,407,536,386,401
3aa6d01c-a4f7-4c82-8861-8b182f86ab6b,419,6,8644,1,0.000115687,,117,407,123,386,500
3877c48b-229f-4ae7-8980-0ac25cab3802,250,6,5234,0,0,,230,407,249,517,517
1b89e077-a2b5-44b1-ba03-bb81ea884dbb,152,19,11976,4,0.000334001,,472,162,73,253,427
b6bd81ce-74bb-4761-a1d6-0a254a445201,117,1,4008,5,0.001247505,,773,859,331,233,272
a55f289b-c9f3-4628-a559-a21e7178714c,122,5,6715,12,0.001787044,,712,460,177,163,235
92df6e4a-a534-4757-a552-309936bbab6f,120,2,868,0,0,,730,720,810,517,517
f69c94fd-f576-42d9-81a9-60d8ce891cd4,166,38,2238,4,0.00178731,,419,76,574,253,234
9fbb4d3a-881c-40fd-b9d2-62a99709e599,142,2,5334,0,0,,538,720,242,517,517
f8839bfa-02e5-4dee-95a0-fb8d3b1ff5be,372,4,3761,30,0.007976602,,128,528,347,103,118
73de5324-dde7-4263-a2ad-6c4039e0aa4d,197,2,1957,1,0.000510986,,325,720,616,386,375
313e8746-be69-4bc5-8c54-028318fbedfd,109,2,7007,1,0.000142714,,891,720,170,386,486
4fa37b1b-7e9e-4c79-a27e-747cdd89f7b9,127,40,1270,105,0.082677165,,665,69,731,41,16
8ebc5110-89bf-45f3-9750-d437e423cb65,538,17,200,0,0,,89,176,962,517,517
891a8380-32fb-4e5d-8e7d-d5fd531183d5,463,27,1183,7,0.00591716,,106,112,752,200,137
53a2da14-ce4e-4fcf-9aeb-dd1ddabc76ca,198,2,384,0,0,,321,720,907,517,517
ac817e09-8435-4eaa-ad2b-c4a99987a6af,117,1,183,0,0,,773,859,971,517,517
2d010ba2-3e7a-4100-b0b2-51363aa471dd,135,2,3032,0,0,,591,720,447,517,517
0ca17138-b8a3-4fbc-a20b-baca2879c309,104,8,1026,0,0,,965,328,777,517,517
abca189c-bfcd-40e2-a901-30579102061b,119,14,11411,69,0.006046797,,745,213,77,58,134
907cdc73-9cbe-4f47-8cfd-e933bf88d754,121,1,2072,0,0,,718,859,598,517,517
cf18321a-b1a2-4d56-a951-a1be828df09a,1184,66,36005,0,0,,44,40,12,517,517
d8b8a4f3-69df-4159-861b-5a6fe0340bfc,130,5,5093,0,0,,631,460,258,517,517
bc7892e6-afc6-4d1f-90f9-1281865d13d7,148,13,2371,0,0,,497,230,548,517,517
953eca31-cfba-4f3b-b407-6a51900742dc,308,19,9581,117,0.012211669,,173,162,105,35,87
b834d5cd-b296-4d48-bb59-008bec0b4c40,145,7,5822,1,0.000171762,,521,364,224,386,479
ee3721e5-b0fd-4913-8bec-fd92baefde89,162,4,5687,4,0.000703359,,431,528,229,253,344
cfe5f195-88b6-4af4-b8b0-6c7c18572692,120,3,3906,0,0,,730,620,340,517,517
34de438b-f0cf-4592-90f4-f7147be9b480,199,5,625,0,0,,319,460,854,517,517
bc09e9f6-7630-44a1-a004-426cba8c8cda,114,33,1182,0,0,,811,90,753,517,517
0f907a7a-375e-4774-b1d7-894064abcb18,165,34,1003,1,0.000997009,,423,84,783,386,295
e11419a2-78b9-48fd-8206-e86f91cf7ee4,166,1,4125,1,0.000242424,,419,859,319,386,458
376cc4a7-d4cc-41d2-95fc-2688ab949262,107,12,4847,0,0,,924,241,278,517,517
9b126206-cbfe-4544-8675-e8ff4649db3b,120,3,112,0,0,,730,620,989,517,517
30faf4be-7425-4b16-96a6-dca58572030f,352,2,3561,0,0,,143,720,370,517,517
dc939e83-bc44-4ece-a4b7-ed6df8e73348,136,4,3577,0,0,,580,528,367,517,517
71e5c919-00dc-48d2-9a1c-a42acccf6a1e,153,3,11311,0,0,,468,620,79,517,517
06ea22f0-46c6-403f-8f2e-49e0ef40c432,119,6,1117,11,0.009847807,,745,407,764,168,102
048e50c1-4ea8-46f7-bce9-4cd9063e1d08,109,7,3126,0,0,,891,364,432,517,517
53f4b713-1e49-465b-aae7-6e26a3037e7e,116,1,3821,0,0,,786,859,344,517,517
47e9dce1-55bc-40f3-a49a-398aeefa20ab,118,1,1516,0,0,,757,859,690,517,517
d51317d2-c52c-423d-9aff-165663a9c880,195,3,750,0,0,,332,620,829,517,517
38a9aaea-214d-48be-badd-d1284856657d,730,1,2296,1,0.00043554,,72,859,564,386,393
3e19e0a7-84fd-42d0-9973-f5018c898453,190,1,3592,1,0.000278396,,345,859,364,386,447
f3fbb742-a965-4100-be9c-547a0c359997,117,1,2992,1,0.000334225,,773,859,452,386,426
fe53e22f-0e17-4173-84ef-92d578e70ea4,201,4,1909,0,0,,309,528,626,517,517
ae43e7cf-b671-4bf9-9d71-cf9fc6e7a024,190,1,310,0,0,,345,859,924,517,517
258dcf0e-9ab5-47f7-8556-e07b2a317dcc,1957,46,76,0,0,,27,61,1003,517,517
d32fae92-709e-41a8-b131-6a627405b2e9,104,1,519,0,0,,965,859,881,517,517
d04033b7-6b5e-406e-a982-0f9ca9a00128,258,3,2951,0,0,,218,620,462,517,517
862a2320-3f3e-4930-8e4c-e9dfe271cd66,233,4,2103,0,0,,256,528,591,517,517
ba6d1a73-e8f4-4a23-a4e0-e19762dc36d2,27335,7,6521,255,0.039104432,,5,364,186,20,30
a7b65cef-d2fc-4776-afce-60859cf44701,182,1,15028,2,0.000133085,,370,859,47,314,489
e1e6367a-734e-455b-b0c5-8237c8504b80,146,5,4349,0,0,,515,460,305,517,517
30ffc995-d532-407c-82b0-e885fdb99f51,529,11,878,0,0,,93,261,808,517,517
7a65b114-9c23-40dc-b58c-3687603187e1,114,4,253,1,0.003952569,,811,528,938,386,158
ae3b2817-55bd-4c7e-a862-d4a8e865a82d,135,9,890,0,0,,591,306,805,517,517
2e744646-cc24-422b-aca0-10cf413c5c87,241,8,575,0,0,,243,328,864,517,517
c6d4780e-1b7d-4ead-bfb3-08a0d79338f4,129,6,1306,18,0.013782542,,645,407,718,135,77
6cd85303-78c2-4e20-822e-c9343ec54908,151,81,2147,10,0.004657662,,477,25,584,172,150
3b85d0c2-fe5e-4d17-8314-de375f89ce7a,140,1,236,0,0,,550,859,947,517,517
3a4fa48b-a732-410c-b09e-7a37e49533aa,1534,1,650,252,0.387692308,,35,859,845,21,2
f870a59b-7411-4dc5-899a-ea9ca66748d2,133,2,6370,0,0,,607,720,196,517,517
0e30e0d4-a9a8-45e2-a567-7a7c0936e32b,346,8,7919,1,0.000126279,,147,328,147,386,493
c7f81890-1ae5-4cf3-96c2-caf21e68116c,162,1,937,0,0,,431,859,798,517,517
740af664-4de8-4d42-9e58-aed356c20030,292,10,1302,0,0,,185,278,721,517,517
75c8913a-18d5-4ab1-aecd-fc3bb24aa661,236,15,270,20,0.074074074,,251,198,931,127,18
00e1b38d-6b32-48e3-bdd4-758f0b1687a0,276,4,1148,7,0.006097561,,197,528,759,200,133
7005b9a2-ff7a-450d-adb1-c9815b691553,127,1,7318,0,0,,665,859,162,517,517
d5a7c0d0-7ac7-4d80-a39e-4432d72f3537,378,2,8108,2,0.00024667,,126,720,138,314,456
a2573b6a-0760-4491-95d9-977f546e58ad,187,46,2138,1,0.000467727,,353,61,586,386,387
e30f9b20-dacf-42f1-9f50-08bc59760def,856,1,632,0,0,,59,859,853,517,517
969217e3-b2c5-4ed9-be88-5150b3e27680,308,26,3044,10,0.003285151,,173,116,445,172,178
8a4526c0-83e0-4a07-8ddf-4041a9c24a69,116,7,45,0,0,,786,364,1014,517,517
cbb3ae82-9684-431c-92ea-7769c0681c87,103,2,8316,0,0,,983,720,132,517,517
35d51cb6-6f37-4aa5-8dc9-64b0c89394dd,201,3,1210,30,0.024793388,,309,620,740,103,46
3c9dfd9f-2ca1-40b6-8b03-5795339c92e7,103,3,24318,1,4.11218E-05,,983,620,18,386,515
b6a6a9fb-17ba-4570-8603-2f663ee33462,107,1,2879,0,0,,924,859,470,517,517
4dc10991-dc99-468f-bcd8-d770a7491710,106,1,1837,0,0,,945,859,638,517,517
25eacc9e-e2d6-4f56-91fe-7d74a513fc79,150,70,1021,0,0,,483,34,778,517,517
855e2813-04ed-460e-b3d7-b205ca1d44f4,138,12,8369,26,0.003106703,,563,241,131,117,185
017c2617-2c11-4b31-b122-149263a9200f,113,4,1202,7,0.005823627,,833,528,745,200,138
e1c2e4cf-4c9c-430b-b807-65dad93bf7ac,345,86,3323,29,0.008727054,,151,22,403,109,112
9b2d9ebc-6ee0-4fb0-a1c8-c783e9e8f0b2,181,1,152,1,0.006578947,,375,859,981,386,129
acd84056-afd3-4e8d-8c38-4f6afde0d9ff,211,4,14128,0,0,,288,528,54,517,517
3b13b24f-d4d0-4432-90d9-21cdb605a583,160,6,1057,0,0,,439,407,772,517,517
b01086e6-0565-452d-b078-1a6574ef988c,256,25,1633,110,0.067360686,,221,126,670,37,21
5a79204a-ae7c-4a39-a3d7-01a7ec679667,539,3,4119,46,0.011167759,,88,620,320,79,92
10f2680f-e807-4176-91c9-6ae5544b4cdb,106,2,5174,6,0.001159644,,945,720,253,211,281
9cec7bcf-809d-41c7-9988-383df19d1e55,216,2,416,0,0,,282,720,900,517,517
00a48c99-82fe-4a2d-bba8-fd8914d506fd,950,1,1043,1,0.000958773,,54,859,773,386,303
0f876a74-4e19-4069-ac01-dd7a4044df7d,139,4,780,0,0,,558,528,826,517,517
0893e1d2-9faf-4ee7-90d9-4f48b4447590,112,1,147,0,0,,849,859,982,517,517
ad7b9657-27bb-40c2-a1ce-b137b038bd1b,110,1,2286,0,0,,872,859,565,517,517
183772f9-f4f4-47a7-84ca-896a6d3a7828,3752,18,5942,1,0.000168294,,18,174,218,386,481
c97788bf-2abf-45c2-90f4-637fc4e50df9,114,73,3880,0,0,,811,32,343,517,517
04b9164a-2ee6-4b83-bc60-4cb6157b7b6c,113,2,3513,1,0.000284657,,833,720,375,386,444
6430e58e-ff5b-4223-9da5-6d92cacf96af,65343,18,909,2,0.00220022,,2,174,802,314,217
b4b08776-36e0-4fe2-94a5-059d0700484b,101,3,5785,1,0.000172861,,1007,620,226,386,478
0528c4a9-5ebd-4d7b-b0f4-1e4e4c5e76c7,813,5,242,0,0,,63,460,942,517,517
0b99a706-dcb2-43d0-94c6-838fe1061f87,226,2,1869,38,0.020331728,,267,720,631,90,55
fe2dbd82-d639-4aa8-842b-76d2dc0ca7de,128,4,988,0,0,,656,528,785,517,517
735a23ae-479e-4d2e-b3af-2f806ad9f638,119,1,3371,0,0,,745,859,398,517,517
5c41656c-b552-47dd-8325-7dbdfdfa6a34,1297,3,795,10,0.012578616,,40,620,823,172,85
f106e8e3-a809-42f4-b489-e71a584f2630,151,39,7883,1,0.000126855,,477,72,148,386,492
ecb34a03-26c4-42ec-866d-7789c2660d72,8894,1,4932,121,0.024533658,,11,859,272,33,47
86f21b52-76d8-4bf1-b675-e201d8b3613c,431,55,2038,115,0.05642787,,113,51,604,36,24
c9318a5c-9f50-4fb3-9b39-0335607769b0,120,3,1707,0,0,,730,620,656,517,517
52179f61-e054-43c5-985b-09e96d5dfb4a,104,2,2813,2,0.000710985,,965,720,478,314,342
4843743c-26c1-4920-ad03-8b2c107ba2d0,136,4,16949,4,0.000236002,,580,528,35,253,460
